date,total_admissions,deaths,icu_utilization,bed_occupancy
2020-01-01,0.0,0.0,,0.4768478881278539
2020-01-02,132.0,29.0,0.8493909191583611,0.5023954857191759
2020-01-03,132.0,29.0,0.8493909191583611,0.5150148298453694
2020-01-04,132.0,29.0,0.5080287929125138,0.4161586125789185
2020-01-05,132.0,29.0,0.5080287929125138,0.36536496178526773
2020-01-06,132.0,29.0,0.5080287929125138,0.38738126268678735
2020-01-07,0.0,0.0,0.1666666666666666,0.2885897435897436
2020-01-08,0.0,0.0,0.1666666666666666,0.32805555555555554
2020-01-09,0.0,0.0,,0.3475035161744022
2020-01-10,0.0,0.0,,0.3623477929984779
2020-01-11,0.0,0.0,,0.32291666666666663
2020-01-12,0.0,0.0,,0.33622495446265943
2020-01-13,0.0,0.0,,0.38077073552425666
2020-01-14,0.0,0.0,,0.34549929676511953
2020-01-15,0.0,0.0,,0.4157724505327245
2020-01-16,0.0,0.0,,0.35694444444444445
2020-01-17,0.0,0.0,,0.38588308457711445
2020-01-18,0.0,0.0,,0.24680293501048217
2020-01-19,0.0,0.0,,0.24027777777777776
2020-01-20,0.0,0.0,,0.290530303030303
2020-01-21,0.0,0.0,,0.36114864864864865
2020-01-22,0.0,0.0,,0.4013211382113821
2020-01-23,0.0,0.0,,0.3939393939393939
2020-01-24,0.0,0.0,,0.38033986928104574
2020-01-25,0.0,0.0,,0.305932953826692
2020-01-26,0.0,0.0,,0.34876245580199294
2020-01-27,0.0,0.0,,0.3337965955613015
2020-01-28,0.0,0.0,,0.42330473856209144
2020-01-29,0.0,0.0,,0.4013288522479699
2020-01-30,0.0,0.0,,0.39299031673147455
2020-01-31,0.0,0.0,,0.39076933551198256
2020-02-01,0.0,0.0,,0.3551811002178649
2020-02-02,0.0,0.0,,0.23024667931688803
2020-02-03,0.0,0.0,,0.24446433645922133
2020-02-04,0.0,0.0,,0.35385719944543476
2020-02-05,0.0,0.0,,0.4317215775198968
2020-02-06,0.0,0.0,,0.4354030501089325
2020-02-07,0.0,0.0,,0.44455337690631813
2020-02-08,0.0,0.0,,0.3639477713007125
2020-02-09,0.0,0.0,,0.32971055088702145
2020-02-10,0.0,0.0,,0.3469177846577227
2020-02-11,0.0,0.0,,0.3709662603780251
2020-02-12,0.0,0.0,,0.4353716370269038
2020-02-13,0.0,0.0,,0.4251861985104119
2020-02-14,0.0,0.0,,0.3964806435394671
2020-02-15,0.0,0.0,,0.3291206179441474
2020-02-16,0.0,0.0,,0.34045751633986926
2020-02-17,0.0,0.0,,0.41540891570303334
2020-02-18,0.0,0.0,,0.45822320184904564
2020-02-19,0.0,0.0,,0.48308823529411765
2020-02-20,0.0,0.0,,0.4446755368814192
2020-02-21,0.0,0.0,,0.46221500721500725
2020-02-22,0.0,0.0,,0.4174723683511345
2020-02-23,0.0,0.0,,0.41712962962962963
2020-02-24,0.0,0.0,,0.4415147282541709
2020-02-25,0.0,0.0,,0.4921545284780579
2020-02-26,0.0,0.0,,0.4998800874761541
2020-02-27,0.0,0.0,,0.5047659777498488
2020-02-28,0.0,0.0,,0.49558003937440054
2020-02-29,0.0,0.0,,0.4542544724144809
2020-03-01,0.0,0.0,,0.4345932815481641
2020-03-02,0.0,1.0,,0.4741313137177388
2020-03-03,0.0,6.0,,0.5341739579577163
2020-03-04,0.0,0.0,,0.5225433249238817
2020-03-05,0.0,0.0,,0.5197202106223989
2020-03-06,0.0,0.0,,0.5030631710570139
2020-03-07,0.0,0.0,,0.49143856804653774
2020-03-08,0.0,1.0,,0.48082706119888163
2020-03-09,0.0,1.0,,0.5053958505626911
2020-03-10,0.0,1.0,,0.5223092513696392
2020-03-11,0.0,0.0,,0.5558032345979902
2020-03-12,0.0,2.0,,0.5490376590054475
2020-03-13,0.0,1.0,,0.5513901247401298
2020-03-14,0.0,3.0,,0.5474173678199901
2020-03-15,0.0,2.0,,0.579073292586349
2020-03-16,0.0,4.0,,0.5457384096112425
2020-03-17,0.0,4.0,,0.5456363969780171
2020-03-18,0.0,8.0,,0.537125368698149
2020-03-19,0.0,12.0,,0.5395623007313786
2020-03-20,0.0,8.0,,0.5275338950611174
2020-03-21,0.0,10.0,,0.505036574746657
2020-03-22,1.0,17.0,,0.4942759517619568
2020-03-23,1.0,21.0,,0.5069695958551905
2020-03-24,2.0,18.0,,0.5079859641934168
2020-03-25,3.0,34.0,,0.5019402927911456
2020-03-26,2.0,97.0,,0.5028626689954266
2020-03-27,2.0,52.0,,0.5131748648057988
2020-03-28,2.0,64.0,,0.4960348805121236
2020-03-29,4.0,80.0,,0.4951293872487993
2020-03-30,2.0,258.0,,0.4857724709742478
2020-03-31,2.0,413.0,,0.49536907672155683
2020-04-01,2.0,640.0,,0.4938242612270608
2020-04-02,2.0,826.0,,0.49702939007773433
2020-04-03,2.0,960.0,,0.49045981173369374
2020-04-04,2.0,1095.0,,0.4708793799011011
2020-04-05,0.0,1017.0,,0.46852080032424415
2020-04-06,74.0,1077.0,,0.4784182178446751
2020-04-07,76.0,1098.0,,0.49762908641373466
2020-04-08,64.0,1169.0,,0.5060396081145353
2020-04-09,74.0,1264.0,,0.517866697249178
2020-04-10,133.0,1216.0,0.6861167002012073,0.5158970998818289
2020-04-11,102.0,1225.0,0.6861167002012073,0.49922730005770305
2020-04-12,123.0,1238.0,0.6861167002012073,0.49395947012577507
2020-04-13,113.0,1378.0,0.6959183673469388,0.49735019185103324
2020-04-14,104.0,1550.0,0.6959183673469388,0.5099301422714855
2020-04-15,56.0,1182.0,,0.5141277338242708
2020-04-16,38.0,1106.0,,0.5072226206352344
2020-04-17,86.0,1145.0,,0.50456353677039
2020-04-18,67.0,1363.0,,0.4940669265155347
2020-04-19,83.0,796.0,,0.493053445149956
2020-04-20,66.0,1020.0,,0.5061533619124895
2020-04-21,48.0,963.0,,0.5204746019157543
2020-04-22,0.0,1037.0,,0.5303112946247103
2020-04-23,50.0,1077.0,,0.532741741716254
2020-04-24,68.0,1200.0,,0.5279852256382381
2020-04-25,65.0,1131.0,,0.5158751988302417
2020-04-26,41.0,1032.0,,0.505751001426355
2020-04-27,48.0,1081.0,,0.5203950375994383
2020-04-28,44.0,1203.0,,0.5369014173039666
2020-04-29,68.0,1289.0,,0.5456076033889629
2020-04-30,111.0,1194.0,,0.540576957818551
2020-05-01,101.0,1302.0,,0.5442034475057194
2020-05-02,103.0,1229.0,,0.5293649692142228
2020-05-03,82.0,1067.0,,0.5209531826707675
2020-05-04,78.0,1149.0,,0.5362810812476072
2020-05-05,66.0,1118.0,,0.5549916660788121
2020-05-06,27.0,1061.0,,0.5690851444437727
2020-05-07,64.0,1114.0,,0.5638653166162637
2020-05-08,74.0,1170.0,,0.5622813321061996
2020-05-09,82.0,915.0,,0.5511889532473883
2020-05-10,60.0,879.0,,0.5385907094360081
2020-05-11,53.0,983.0,,0.5544218768572338
2020-05-12,54.0,963.0,,0.5825410295325009
2020-05-13,60.0,1036.0,,0.5994259613119727
2020-05-14,71.0,1042.0,,0.6039550599071367
2020-05-15,62.0,632.0,,0.5972592329975718
2020-05-16,93.0,606.0,,0.581081428783035
2020-05-17,66.0,585.0,,0.5709961002992583
2020-05-18,63.0,2729.0,,0.5768250986955394
2020-05-19,69.0,2727.0,,0.5986317027084276
2020-05-20,82.0,2767.0,,0.611725510876798
2020-05-21,60.0,2758.0,,0.6099858349091984
2020-05-22,21.0,2782.0,,0.6077198935769669
2020-05-23,58.0,2795.0,,0.5872521811478059
2020-05-24,46.0,2734.0,,0.5728068304480819
2020-05-25,46.0,2786.0,,0.5701754599724553
2020-05-26,39.0,2738.0,,0.5867354474846832
2020-05-27,46.0,2784.0,,0.6205381820632684
2020-05-28,46.0,2743.0,,0.6260918640006528
2020-05-29,46.0,2616.0,,0.619906835013993
2020-05-30,40.0,2543.0,,0.5993253770951321
2020-05-31,40.0,2531.0,,0.5876626359641718
2020-06-01,34.0,2578.0,,0.589872732468421
2020-06-02,27.0,2567.0,,0.6206629336340213
2020-06-03,23.0,2697.0,,0.6342853268496291
2020-06-04,30.0,371.0,,0.6313002023408039
2020-06-05,27.0,431.0,,0.6205466437396123
2020-06-06,27.0,376.0,,0.608476253467476
2020-06-07,32.0,343.0,,0.5927613909857212
2020-06-08,23.0,397.0,,0.5985351652634735
2020-06-09,20.0,379.0,,0.6261009930160095
2020-06-10,54.0,385.0,,0.6430044551286794
2020-06-11,59.0,407.0,,0.6435263366798669
2020-06-12,48.0,331.0,,0.6344398908969383
2020-06-13,44.0,284.0,,0.6082705313378179
2020-06-14,40.0,299.0,,0.5918262810369551
2020-06-15,25.0,351.0,,0.6021878389861256
2020-06-16,34.0,338.0,,0.62697877016171
2020-06-17,29.0,294.0,,0.6400314055233256
2020-06-18,36.0,303.0,,0.6434190646399559
2020-06-19,39.0,259.0,,0.6389213741153763
2020-06-20,43.0,256.0,,0.6076852042391196
2020-06-21,45.0,264.0,,0.5945168374824009
2020-06-22,51.0,371.0,,0.6020429149996918
2020-06-23,68.0,319.0,,0.6383783632843726
2020-06-24,61.0,359.0,,0.6514857843779194
2020-06-25,67.0,406.0,,0.6521979914753291
2020-06-26,92.0,404.0,,0.6472915530021501
2020-06-27,86.0,410.0,,0.6210153819855
2020-06-28,86.0,443.0,,0.600233613979121
2020-06-29,113.0,485.0,,0.6143555125551714
2020-06-30,145.0,434.0,,0.6431664588226568
2020-07-01,128.0,437.0,,0.6510950009617549
2020-07-02,115.0,362.0,,0.6480498375386226
2020-07-03,128.0,437.0,,0.6273965737591048
2020-07-04,113.0,434.0,,0.5983954348684549
2020-07-05,104.0,466.0,,0.5946567714090091
2020-07-06,110.0,512.0,,0.6172773708805954
2020-07-07,114.0,552.0,,0.6445132144807951
2020-07-08,137.0,471.0,,0.649607232568212
2020-07-09,140.0,429.0,,0.6534356976464181
2020-07-10,194.0,413.0,0.6798561151079137,0.6580570221691543
2020-07-11,168.0,471.0,0.6787401574803149,0.6369515010046471
2020-07-12,174.0,449.0,0.6981757877280266,0.6158726902972026
2020-07-13,221.0,424.0,0.7288135593220338,0.6275071581828267
2020-07-14,349.0,332.0,0.733909702209414,0.6569570145644146
2020-07-15,3893.0,648.0,0.6320298293315478,0.6840915099020932
2020-07-16,4536.0,526.0,0.6369885661988234,0.6761675720883754
2020-07-17,4877.0,532.0,0.6306195328510006,0.6712751978671693
2020-07-18,4547.0,440.0,0.6244663932757152,0.6507973206087045
2020-07-19,3668.0,394.0,0.5955533382344784,0.6367627191157493
2020-07-20,4021.0,497.0,0.6161462570485512,0.6426809772843151
2020-07-21,5085.0,570.0,0.6274416903515232,0.668856995445048
2020-07-22,4620.0,739.0,0.6300752400422197,0.6842589766128079
2020-07-23,4863.0,1079.0,0.6420598024442608,0.6757847939086805
2020-07-24,5068.0,838.0,0.662107724139809,0.66822862347953
2020-07-25,5481.0,804.0,0.6630865488689981,0.6504964541246184
2020-07-26,4515.0,874.0,0.6504274720986404,0.6395352796718814
2020-07-27,4991.0,727.0,0.632719011328285,0.635389296878689
2020-07-28,6100.0,767.0,0.6520091191316036,0.6596347195410316
2020-07-29,5257.0,901.0,0.651728344661928,0.670549079645135
2020-07-30,5387.0,1305.0,0.6563651093022362,0.6760739106949258
2020-07-31,6288.0,1348.0,0.6630089395127842,0.6692205187847622
2020-08-01,6034.0,1314.0,0.6495742638751951,0.6506148695706082
2020-08-02,4504.0,1329.0,0.6407175316433645,0.63884219224893
2020-08-03,4471.0,1288.0,0.6248778196863276,0.6457750390218376
2020-08-04,5063.0,1230.0,0.6583909730967049,0.6561657280156017
2020-08-05,4844.0,1329.0,0.6613507202211206,0.6680890876087049
2020-08-06,4911.0,1249.0,0.6606071167847003,0.6666433219091499
2020-08-07,4920.0,1275.0,0.6581537360573435,0.6622237116180738
2020-08-08,4656.0,1270.0,0.6446639615585105,0.6454350427735296
2020-08-09,4149.0,1216.0,0.6289263867625258,0.6314894776169483
2020-08-10,4095.0,1246.0,0.6279318760596887,0.633492304956917
2020-08-11,4796.0,1241.0,0.6503130718693801,0.6593277063909139
2020-08-12,4456.0,1274.0,0.656750396312656,0.6697623137395708
2020-08-13,4594.0,1220.0,0.6621932363849211,0.6727261284375813
2020-08-14,4827.0,1254.0,0.6668436498348793,0.6708932377528494
2020-08-15,4740.0,1223.0,0.6558581945301535,0.6522159378058617
2020-08-16,4173.0,1143.0,0.6398852563833701,0.6399924136780062
2020-08-17,4578.0,1177.0,0.6363629431367315,0.6385558650461899
2020-08-18,4744.0,1137.0,0.6477528371892903,0.6630897102563846
2020-08-19,4273.0,1189.0,0.6574895981201101,0.6758005126458879
2020-08-20,4421.0,1232.0,0.653931058680309,0.6737115197382209
2020-08-21,4173.0,664.0,0.6502874126329721,0.6679220898422658
2020-08-22,4520.0,606.0,0.6455806771174571,0.6486692062113375
2020-08-23,3704.0,530.0,0.6356033212163089,0.6336011785122418
2020-08-24,3770.0,554.0,0.6378323732242708,0.6337454396113672
2020-08-25,4367.0,648.0,0.6724952529757489,0.6614107863043284
2020-08-26,4419.0,635.0,0.6740348323585641,0.6742561159487549
2020-08-27,4178.0,610.0,0.6766609485555678,0.6716173507018272
2020-08-28,4666.0,568.0,0.6649924203274481,0.6674189482275719
2020-08-29,4611.0,518.0,0.6432272729893099,0.6450409508572048
2020-08-30,3915.0,551.0,0.621791195324149,0.627420120614304
2020-08-31,3905.0,539.0,0.6252327360844889,0.6313421224689795
2020-09-01,4122.0,605.0,0.665692949611103,0.6496039963728077
2020-09-02,4077.0,602.0,0.6637612349819167,0.656802091448159
2020-09-03,3841.0,545.0,0.6556924166646649,0.6581712048077514
2020-09-04,4065.0,521.0,0.6509926170843933,0.6519075203572745
2020-09-05,3768.0,540.0,0.6377783795822134,0.6289873235317729
2020-09-06,3312.0,487.0,0.6221573897610563,0.6179186825875629
2020-09-07,3419.0,452.0,0.6102634159818375,0.6148167910872288
2020-09-08,3667.0,544.0,0.6220483873028737,0.6240638440649896
2020-09-09,4544.0,887.0,0.655926937103639,0.6555726696862444
2020-09-10,4501.0,541.0,0.6572117415055229,0.6662061504851303
2020-09-11,4464.0,491.0,0.6551347431473142,0.6686881666535432
2020-09-12,4055.0,479.0,0.6427651168612548,0.6508029253927717
2020-09-13,3754.0,500.0,0.6248134844574847,0.6282519114329147
2020-09-14,3045.0,461.0,0.6242221350068193,0.635017790222182
2020-09-15,3892.0,510.0,0.6567315063544569,0.6651934133330467
2020-09-16,3477.0,557.0,0.6612889284790848,0.6744450918897785
2020-09-17,3569.0,498.0,0.6588425075246497,0.675039457850359
2020-09-18,3528.0,464.0,0.6647971068257569,0.6718915844043559
2020-09-19,3436.0,465.0,0.6497917160306039,0.6556334769339428
2020-09-20,3073.0,466.0,0.6300566794225032,0.6388916987546712
2020-09-21,3216.0,468.0,0.6350273039960697,0.6407777244442203
2020-09-22,3747.0,486.0,0.6685886340275036,0.6708102419607516
2020-09-23,3689.0,453.0,0.6732005944267646,0.6840178218979388
2020-09-24,3577.0,475.0,0.6748191647696684,0.6819539715775819
2020-09-25,3643.0,457.0,0.6728710663191831,0.6788685267696815
2020-09-26,3711.0,444.0,0.6626323908786235,0.6567891156237033
2020-09-27,3294.0,440.0,0.6462468013222976,0.6426246369385226
2020-09-28,3697.0,424.0,0.6423684119975138,0.6443794277969854
2020-09-29,4102.0,551.0,0.6640105212543386,0.675368668536848
2020-09-30,3992.0,432.0,0.6806663964678836,0.690632518196183
2020-10-01,4034.0,462.0,0.6722086787829373,0.6877414147390082
2020-10-02,3891.0,509.0,0.6704141443812554,0.6799220141970113
2020-10-03,4232.0,500.0,0.6569480096047942,0.657990149993601
2020-10-04,3656.0,418.0,0.6384267086960369,0.6423881985070996
2020-10-05,4584.0,559.0,0.6380396974929686,0.64835605957781
2020-10-06,5378.0,485.0,0.6734567237676217,0.6762120624560606
2020-10-07,4813.0,477.0,0.6860925360737214,0.690904999083814
2020-10-08,4829.0,506.0,0.6825312535817417,0.6949290145013022
2020-10-09,4757.0,495.0,0.6789930759230577,0.6919843390648477
2020-10-10,4770.0,520.0,0.6728083141881682,0.6706619324609908
2020-10-11,4537.0,473.0,0.6485032562349969,0.6540327251349046
2020-10-12,4660.0,498.0,0.6499450050612373,0.656472582863514
2020-10-13,5432.0,501.0,0.6734092985292747,0.6843648092905082
2020-10-14,5358.0,488.0,0.6838682767492384,0.6982007763840254
2020-10-15,5274.0,496.0,0.6823984036429233,0.6988647271061186
2020-10-16,5574.0,584.0,0.6823878065647767,0.6977624500659669
2020-10-17,5538.0,518.0,0.6770099920596279,0.6740944591598608
2020-10-18,5165.0,539.0,0.6600354367636339,0.6559014606913379
2020-10-19,5221.0,556.0,0.6593244372628165,0.6531814934597537
2020-10-20,6203.0,563.0,0.6874718288309599,0.681051842668799
2020-10-21,6004.0,557.0,0.6941991800500217,0.6969466779088966
2020-10-22,6154.0,554.0,0.6899805964346248,0.697352115280754
2020-10-23,6131.0,531.0,0.6946865957727787,0.6942324092600206
2020-10-24,6270.0,505.0,0.6811486493745703,0.6735600386132337
2020-10-25,5422.0,507.0,0.6610812222734447,0.6551016026539186
2020-10-26,5545.0,532.0,0.6623032029929127,0.653540203149297
2020-10-27,6625.0,526.0,0.6933982566958985,0.6832301467104895
2020-10-28,7022.0,785.0,0.7001664814322662,0.6924779993018623
2020-10-29,7167.0,769.0,0.7005117573724757,0.7001918687738129
2020-10-30,7431.0,1246.0,0.7005809621479504,0.6991421900945769
2020-10-31,6902.0,1303.0,0.687235906326541,0.6755253655560959
2020-11-01,6349.0,1204.0,0.6700486354782209,0.6578193445320762
2020-11-02,6835.0,1276.0,0.6705432791289714,0.6563560746048239
2020-11-03,7916.0,845.0,0.702266313263282,0.6805060106389033
2020-11-04,8089.0,858.0,0.7125946009563172,0.6973209928496887
2020-11-05,8473.0,934.0,0.7137732989142012,0.6992861142601514
2020-11-06,8806.0,987.0,0.7124554461163383,0.6984698060205176
2020-11-07,8985.0,936.0,0.6955732276533074,0.6806549378232033
2020-11-08,8312.0,935.0,0.6945978086714011,0.6701313933564138
2020-11-09,8643.0,998.0,0.6986677653254694,0.6732591601115346
2020-11-10,10348.0,1016.0,0.7233319130510636,0.7008103859683809
2020-11-11,10447.0,1070.0,0.7326573804186977,0.71802864084288
2020-11-12,10569.0,928.0,0.7238796637025303,0.7173919331257265
2020-11-13,10747.0,1167.0,0.7253286322458694,0.7127593559112322
2020-11-14,10764.0,913.0,0.7162755805139064,0.690148482629181
2020-11-15,10137.0,918.0,0.704712932942477,0.6758876223802821
2020-11-16,10394.0,1024.0,0.7027800972883377,0.6761678319338662
2020-11-17,12210.0,1096.0,0.726439834878014,0.7044591384741344
2020-11-18,12120.0,1151.0,0.7437309415236918,0.7182180821487523
2020-11-19,12154.0,1109.0,0.741348436920873,0.711524458358996
2020-11-20,12506.0,1212.0,0.7381589535360438,0.7112234415491285
2020-11-21,12138.0,1123.0,0.7317828092424623,0.6920658819724302
2020-11-22,11025.0,1062.0,0.7103032356947323,0.6759361379700246
2020-11-23,11266.0,1272.0,0.7137868394436293,0.6756173335214838
2020-11-24,13507.0,1338.0,0.7384610510658794,0.69864125082121
2020-11-25,13249.0,1413.0,0.7350083815771195,0.6979756658879128
2020-11-26,12728.0,1307.0,0.7203047862158198,0.6684364930228279
2020-11-27,11107.0,1207.0,0.7077133652981324,0.6551832869623008
2020-11-28,13093.0,1354.0,0.7118596166546792,0.6566002279393693
2020-11-29,12433.0,1368.0,0.7158231400686353,0.6616307056976688
2020-11-30,12143.0,1335.0,0.728205736978899,0.6742015720681319
2020-12-01,14456.0,1447.0,0.7485408247265459,0.7065966231090891
2020-12-02,13946.0,1573.0,0.7505608312615278,0.7200121485061066
2020-12-03,13913.0,1618.0,0.7548809805518113,0.7210642824361915
2020-12-04,14038.0,1615.0,0.7494642004752018,0.7151634593270161
2020-12-05,13928.0,1550.0,0.7419012032363591,0.6963654257511858
2020-12-06,12456.0,1555.0,0.727644130686816,0.6808589531715635
2020-12-07,12694.0,1646.0,0.7325420846234434,0.686586643622303
2020-12-08,14790.0,1657.0,0.7482665747423369,0.7108439048159249
2020-12-09,15100.0,1758.0,0.757809072171032,0.7190576424955134
2020-12-10,15262.0,1831.0,0.7545759204698986,0.7212950807558454
2020-12-11,15271.0,1671.0,0.7468977265473772,0.716701582431868
2020-12-12,15067.0,1628.0,0.7400268302616215,0.697804699883439
2020-12-13,13404.0,1555.0,0.7265436759075884,0.6826387375796784
2020-12-14,13547.0,1730.0,0.73042458466758,0.6841688282799915
2020-12-15,16191.0,1832.0,0.7471668669527913,0.709602959432293
2020-12-16,15571.0,1844.0,0.7506149468876655,0.7199255194695747
2020-12-17,15247.0,1854.0,0.7493954622355519,0.7162410265941481
2020-12-18,15269.0,1963.0,0.7443298106441925,0.7142607861059772
2020-12-19,15164.0,1997.0,0.7282396331689734,0.6910538459715468
2020-12-20,13865.0,1790.0,0.7177358390335692,0.6757963946871935
2020-12-21,14155.0,2043.0,0.7166769600617761,0.6760570689771437
2020-12-22,16771.0,2094.0,0.7348457978440945,0.6968702146429253
2020-12-23,16461.0,2139.0,0.7357218826813082,0.6954959989188003
2020-12-24,15801.0,1914.0,0.7144293934742308,0.6691037931413438
2020-12-25,14509.0,1930.0,0.6909638529125183,0.6191476903827859
2020-12-26,13376.0,1731.0,0.6871912334485107,0.6201652777877926
2020-12-27,15145.0,1922.0,0.6960663767204857,0.6410614226067166
2020-12-28,14807.0,2168.0,0.708770768549612,0.6613432787986532
2020-12-29,16610.0,2181.0,0.7281426847046271,0.6936603355348497
2020-12-30,16812.0,2171.0,0.7305280315924583,0.7057549669322681
2020-12-31,16751.0,2267.0,0.7243022176202825,0.6984223855110329
2021-01-01,16034.0,2143.0,0.7143243873639384,0.6738825074263867
2021-01-02,15131.0,2047.0,0.7030224446032423,0.6608627743361137
2021-01-03,15924.0,2119.0,0.7081677120833988,0.6680312209568764
2021-01-04,15075.0,2183.0,0.7137083845936302,0.682288346746129
2021-01-05,18104.0,2369.0,0.738189073056199,0.7089473863314405
2021-01-06,17704.0,2372.0,0.7474893949065362,0.7211852802014398
2021-01-07,17070.0,2361.0,0.7452808368238463,0.7208106338605652
2021-01-08,17008.0,2340.0,0.74025351371824,0.7155349316090835
2021-01-09,16774.0,2183.0,0.7306336531271821,0.7015167957706316
2021-01-10,14511.0,2163.0,0.7133551943258789,0.685524734828457
2021-01-11,14140.0,2206.0,0.7183689864459741,0.6888666718304806
2021-01-12,16641.0,2308.0,0.7342915943429718,0.711143817469593
2021-01-13,16447.0,2380.0,0.7435469801483039,0.7222526910687672
2021-01-14,16244.0,2363.0,0.7353620289126812,0.7210397268767575
2021-01-15,16257.0,2337.0,0.7296397430227736,0.7162768404344443
2021-01-16,15604.0,2240.0,0.7218860486838508,0.6983534040595059
2021-01-17,13426.0,2156.0,0.7087169496285389,0.6828318118708666
2021-01-18,12988.0,2177.0,0.7084831778676631,0.6826455843095688
2021-01-19,14556.0,2309.0,0.7260950799523072,0.7044825816122618
2021-01-20,14074.0,2190.0,0.731415813727871,0.7166518608523176
2021-01-21,13895.0,2261.0,0.7337551170170898,0.7184014333491929
2021-01-22,14219.0,2109.0,0.73118378781451,0.7172423794604965
2021-01-23,13318.0,2063.0,0.7181245084525298,0.7000095930372857
2021-01-24,11397.0,1845.0,0.6966403966122571,0.6864675623009148
2021-01-25,10714.0,1899.0,0.700915047208021,0.6845534204079081
2021-01-26,13272.0,1961.0,0.7235125782846493,0.7082052155967588
2021-01-27,12510.0,1970.0,0.7280263113596162,0.7157699408908726
2021-01-28,12207.0,1824.0,0.7229169804469043,0.7138361597667392
2021-01-29,11227.0,1817.0,0.7201981691522316,0.7082201112200079
2021-01-30,11070.0,1651.0,0.7069975612828749,0.6870378541797306
2021-01-31,9524.0,1674.0,0.6920511100400613,0.6706771539411707
2021-02-01,9280.0,1696.0,0.6909041503398571,0.6687851133677637
2021-02-02,10687.0,1720.0,0.7095474020020652,0.6952640691383403
2021-02-03,10579.0,1645.0,0.712630290285288,0.7110691260311485
2021-02-04,10642.0,1742.0,0.706480019823483,0.7083961068640472
2021-02-05,10164.0,1615.0,0.7089111361821446,0.7021970038889441
2021-02-06,9841.0,1500.0,0.7006956459278013,0.6856602339899968
2021-02-07,8115.0,1347.0,0.6786166503056497,0.6696426503092289
2021-02-08,7630.0,1466.0,0.6832672685434792,0.6667979089359759
2021-02-09,9122.0,1374.0,0.7053675778853765,0.6947995774019352
2021-02-10,8678.0,1377.0,0.707064853367906,0.7083703955412445
2021-02-11,8340.0,1363.0,0.6993046663725834,0.7057165953291129
2021-02-12,7952.0,1283.0,0.6938878953708527,0.6986160278848464
2021-02-13,7579.0,1172.0,0.6773871963181384,0.6777736902607345
2021-02-14,6510.0,1123.0,0.6601851240711817,0.6628338730987312
2021-02-15,5901.0,1113.0,0.6621956996695897,0.6565411832024522
2021-02-16,7039.0,1051.0,0.6765907154563429,0.6801688046336295
2021-02-17,7275.0,1134.0,0.6917458316490444,0.6959775478694573
2021-02-18,6929.0,1074.0,0.691804188284237,0.6977858405135705
2021-02-19,6713.0,1078.0,0.688298820746139,0.6968810302419928
2021-02-20,6741.0,936.0,0.6716818169647556,0.6756579505863163
2021-02-21,5811.0,895.0,0.6593405220119863,0.6623432504479323
2021-02-22,5723.0,955.0,0.6605462183922229,0.6631877857589001
2021-02-23,6787.0,907.0,0.6867244631675382,0.6938617649760398
2021-02-24,6596.0,918.0,0.6877688962558651,0.7090728213442244
2021-02-25,6250.0,898.0,0.6919396657972988,0.7099232163796287
2021-02-26,5766.0,826.0,0.6815769535974455,0.7045552774209997
2021-02-27,5593.0,752.0,0.6718956179921918,0.6807711221070302
2021-02-28,4964.0,772.0,0.6485599443144527,0.6647788939883527
2021-03-01,4662.0,735.0,0.6489750957044482,0.6619771391297848
2021-03-02,5453.0,671.0,0.6734781274878964,0.6892784340967018
2021-03-03,5402.0,704.0,0.6768496650340541,0.7029372828004475
2021-03-04,5413.0,682.0,0.6769004643980018,0.7024928586147843
2021-03-05,5322.0,673.0,0.6713388616358349,0.6956723712117094
2021-03-06,5057.0,564.0,0.6608392265361962,0.6717602048245007
2021-03-07,4332.0,570.0,0.6450919015889309,0.6569883550314166
2021-03-08,4307.0,624.0,0.6434805042319652,0.6548115407275922
2021-03-09,5128.0,635.0,0.6670435886398708,0.6831933187992445
2021-03-10,5178.0,607.0,0.6763247687947649,0.701628773931064
2021-03-11,4946.0,567.0,0.6716453800370196,0.7015909540774864
2021-03-12,5235.0,567.0,0.6677524002110522,0.6965687330457163
2021-03-13,4731.0,495.0,0.6512673598585079,0.6753201999701415
2021-03-14,4120.0,475.0,0.6252720375629081,0.6554955697587781
2021-03-15,4193.0,461.0,0.6362741009654563,0.6511632094800031
2021-03-16,5007.0,505.0,0.6603378284755304,0.680148361539227
2021-03-17,4937.0,486.0,0.6674585670750264,0.6968175654567169
2021-03-18,4931.0,541.0,0.6662497220738137,0.6957253924080584
2021-03-19,4911.0,560.0,0.66314228432532,0.691784077201079
2021-03-20,4881.0,487.0,0.6518417380582238,0.6710049990011966
2021-03-21,4139.0,482.0,0.6332212325869904,0.6552751994862216
2021-03-22,4245.0,528.0,0.6332972011758211,0.6562006479442595
2021-03-23,5290.0,455.0,0.6633465166146288,0.6853213198553348
2021-03-24,5208.0,473.0,0.6669314649133262,0.7009374779188631
2021-03-25,5276.0,502.0,0.6719651092750295,0.6998912411325722
2021-03-26,5189.0,555.0,0.6702303470850517,0.6952370487058832
2021-03-27,5068.0,430.0,0.6630125428020655,0.6724960932740894
2021-03-28,4707.0,387.0,0.6398437409474057,0.6572838859580599
2021-03-29,4509.0,447.0,0.6414016839388806,0.6562168266258751
2021-03-30,5452.0,435.0,0.6687585096086426,0.6851440896450893
2021-03-31,5275.0,397.0,0.6752860230193813,0.6979440272337684
2021-04-01,5383.0,495.0,0.6713057426371883,0.6940653567753822
2021-04-02,5370.0,476.0,0.653810311183472,0.6840470182048243
2021-04-03,5308.0,403.0,0.6426269036823014,0.6571521884346865
2021-04-04,4826.0,404.0,0.6299791115593616,0.6424351167449799
2021-04-05,4893.0,375.0,0.6434464612746338,0.6439287197671338
2021-04-06,6081.0,480.0,0.6725269923571163,0.6801334870534614
2021-04-07,5831.0,448.0,0.6845410770040937,0.701964046942126
2021-04-08,5749.0,595.0,0.684772082019925,0.7064360788149869
2021-04-09,5790.0,420.0,0.6784369981762373,0.7021498670204005
2021-04-10,5622.0,474.0,0.6617344022149991,0.6792357056986238
2021-04-11,5233.0,442.0,0.6434387440641351,0.665685569762341
2021-04-12,5126.0,486.0,0.6530590241328287,0.6685528331260328
2021-04-13,5971.0,498.0,0.6798006356496504,0.6998982157229624
2021-04-14,5849.0,534.0,0.6851912000722469,0.7150535847975402
2021-04-15,5788.0,509.0,0.68340339927357,0.7128572524150499
2021-04-16,5998.0,517.0,0.6904163834287439,0.7090242930723144
2021-04-17,5900.0,390.0,0.6660767503112047,0.6863220846484761
2021-04-18,5256.0,458.0,0.6442697353835354,0.6712530200128635
2021-04-19,5104.0,499.0,0.6506169069584746,0.6720399879038744
2021-04-20,5838.0,537.0,0.6815183829685504,0.7005103510096333
2021-04-21,5668.0,527.0,0.6897815480626269,0.7144085800495976
2021-04-22,5478.0,508.0,0.6970671237477767,0.715513350646974
2021-04-23,5298.0,571.0,0.6930188637482502,0.7098985061506325
2021-04-24,5115.0,459.0,0.675721288352366,0.6859751027776376
2021-04-25,4594.0,420.0,0.6537766125289717,0.6716840129263159
2021-04-26,4505.0,521.0,0.6594759341832248,0.672578849523145
2021-04-27,5333.0,449.0,0.683991013057083,0.703451872433284
2021-04-28,5082.0,460.0,0.6877575957898575,0.718583052670497
2021-04-29,5031.0,461.0,0.6909634090524258,0.7172194944280162
2021-04-30,5087.0,437.0,0.6885811690499568,0.7113399640443103
2021-05-01,4588.0,384.0,0.6689108978710089,0.6885133307305205
2021-05-02,4109.0,407.0,0.6484138142081541,0.6739736626310848
2021-05-03,4284.0,407.0,0.6624007525266551,0.6725896004846554
2021-05-04,4817.0,426.0,0.6922330739825555,0.7041619214590874
2021-05-05,4580.0,388.0,0.6922804182353653,0.7161461070351443
2021-05-06,4407.0,392.0,0.6901040987788685,0.7142943826673532
2021-05-07,4409.0,400.0,0.6812916476795031,0.7076075376943293
2021-05-08,4188.0,429.0,0.6603424023554945,0.6792334814394879
2021-05-09,3502.0,392.0,0.6453596225449753,0.6641735450670055
2021-05-10,3599.0,379.0,0.6529646895360488,0.6611142124216183
2021-05-11,4121.0,408.0,0.6774573213320545,0.6943002985192547
2021-05-12,3976.0,362.0,0.6857247949872878,0.7126036294819533
2021-05-13,3774.0,399.0,0.6826704563856767,0.7116528072095901
2021-05-14,3764.0,346.0,0.6673914993693936,0.702878691894965
2021-05-15,3536.0,382.0,0.6517655744787036,0.681757051148459
2021-05-16,3030.0,339.0,0.6404376167514471,0.668607446155954
2021-05-17,3027.0,341.0,0.6520891236158993,0.6701678087806031
2021-05-18,3595.0,386.0,0.670313381672569,0.6999257922795402
2021-05-19,3568.0,361.0,0.6779296077846261,0.7186618446826024
2021-05-20,3265.0,346.0,0.6805224324296053,0.7165921611413408
2021-05-21,3329.0,353.0,0.6756459157522935,0.7090064461267463
2021-05-22,3226.0,308.0,0.6530601335558361,0.6861553542819762
2021-05-23,2848.0,305.0,0.6313500888773602,0.6707002904695614
2021-05-24,2831.0,278.0,0.6383699260706645,0.6697358888768699
2021-05-25,3253.0,290.0,0.6655325979197962,0.7024371696019293
2021-05-26,3059.0,310.0,0.6711687658043867,0.7192861958397184
2021-05-27,3039.0,325.0,0.6729209755720665,0.7185888260634942
2021-05-28,2854.0,274.0,0.6659396070329711,0.7069271251893854
2021-05-29,2595.0,263.0,0.6485852102599238,0.6786571214501786
2021-05-30,2298.0,288.0,0.6282557891070942,0.659781474522229
2021-05-31,2214.0,259.0,0.6172670570631453,0.6456445743483956
2021-06-01,2289.0,256.0,0.6316947567789599,0.6619928901805033
2021-06-02,2655.0,345.0,0.6638469582700772,0.7008200966135286
2021-06-03,2502.0,251.0,0.6748721803803154,0.7122125645690295
2021-06-04,2451.0,230.0,0.6730377817489256,0.7110809379885107
2021-06-05,2275.0,235.0,0.6585430620341782,0.6901228387252701
2021-06-06,1970.0,211.0,0.6402082784188071,0.6741945645085172
2021-06-07,1931.0,212.0,0.6464216683238305,0.677475118060239
2021-06-08,2344.0,225.0,0.6702176022258903,0.7056283443701796
2021-06-09,2225.0,226.0,0.6770368991413964,0.7203577429493768
2021-06-10,2216.0,250.0,0.6793218847891185,0.7189112707015486
2021-06-11,2234.0,237.0,0.6724502581681218,0.7110753818168128
2021-06-12,2028.0,187.0,0.6544933460906419,0.6873566811582881
2021-06-13,1846.0,236.0,0.6380028136340218,0.6721297642622496
2021-06-14,1823.0,183.0,0.6431534171271809,0.6750955093957447
2021-06-15,2020.0,180.0,0.6651349429971612,0.7001489414036214
2021-06-16,2062.0,196.0,0.6725271873042529,0.7174603666251524
2021-06-17,1954.0,188.0,0.661852756392852,0.713848153765254
2021-06-18,2003.0,194.0,0.6619275914691318,0.7104841510401196
2021-06-19,1842.0,181.0,0.6439241081113246,0.684824514294144
2021-06-20,1632.0,156.0,0.6265043409576183,0.6728639323761075
2021-06-21,1667.0,183.0,0.6299685725224338,0.6724320608008727
2021-06-22,2043.0,205.0,0.662688027415408,0.7062771200069282
2021-06-23,1979.0,180.0,0.6704200018881564,0.7213183570255693
2021-06-24,1989.0,176.0,0.6667020813671782,0.7212860751364337
2021-06-25,1940.0,197.0,0.6584369437781996,0.7127362943629831
2021-06-26,1953.0,189.0,0.6477055723840369,0.6894040257743792
2021-06-27,1801.0,160.0,0.628892881501333,0.6745875475354858
2021-06-28,1823.0,440.0,0.6274940298049205,0.6692492888213193
2021-06-29,2111.0,162.0,0.665710035838187,0.7084536737306629
2021-06-30,2150.0,174.0,0.6671438598939877,0.7203329818307114
2021-07-01,2098.0,186.0,0.6702788752119583,0.7171841239683373
2021-07-02,2358.0,201.0,0.6614740760758208,0.7092018394816358
2021-07-03,2117.0,184.0,0.6400384510993905,0.6800199300106082
2021-07-04,1920.0,187.0,0.6249830872874772,0.6631976148452057
2021-07-05,2003.0,188.0,0.6243795311484917,0.6555596200049322
2021-07-06,2334.0,187.0,0.638128408307476,0.6745247198362978
2021-07-07,2669.0,183.0,0.6732343731086694,0.7094890108917987
2021-07-08,2708.0,188.0,0.6717474450230323,0.7215638359868258
2021-07-09,2788.0,178.0,0.6727005567541513,0.7164373315881678
2021-07-10,2804.0,201.0,0.6582144096148453,0.6996210914323696
2021-07-11,2604.0,173.0,0.6455238658137562,0.6824452698839347
2021-07-12,2814.0,211.0,0.653914881823812,0.685276529209313
2021-07-13,3342.0,220.0,0.6843649932434357,0.7123417332418446
2021-07-14,3279.0,224.0,0.6927904798307182,0.7262299779401516
2021-07-15,3511.0,220.0,0.6862319619468795,0.7278923599266264
2021-07-16,3741.0,225.0,0.6809523347793188,0.7226502461607136
2021-07-17,3792.0,246.0,0.6700717537195325,0.7021228252676284
2021-07-18,3593.0,256.0,0.6575970332154307,0.6868587576414656
2021-07-19,3958.0,236.0,0.6624253152443532,0.69183429650039
2021-07-20,4740.0,230.0,0.6909212759483766,0.7207804842348502
2021-07-21,4768.0,272.0,0.6964746889132745,0.7317505638313697
2021-07-22,5267.0,287.0,0.6973756327334485,0.7306321009454635
2021-07-23,5386.0,279.0,0.693371729824699,0.7243860299406126
2021-07-24,5580.0,350.0,0.6804573772440197,0.7048008009863009
2021-07-25,5364.0,329.0,0.6657218455733378,0.6929507333470738
2021-07-26,5837.0,330.0,0.6773152744296299,0.6936215514575755
2021-07-27,6832.0,384.0,0.699178856653629,0.7205435510904302
2021-07-28,7057.0,406.0,0.7053244123460835,0.7316235410272396
2021-07-29,7212.0,382.0,0.7074700607378046,0.7330650658675284
2021-07-30,7984.0,439.0,0.7067787815821982,0.7281685641448279
2021-07-31,8040.0,447.0,0.6888823008706729,0.706845107792824
2021-08-01,7400.0,482.0,0.6802625580953258,0.6930674032830465
2021-08-02,7877.0,522.0,0.6865174698934664,0.6977140243439088
2021-08-03,9413.0,553.0,0.7084938153942003,0.7225107780334544
2021-08-04,9484.0,579.0,0.7166349703032209,0.7350254148750692
2021-08-05,9825.0,614.0,0.7195198996158444,0.7339977228492859
2021-08-06,10216.0,641.0,0.7205470251262254,0.7292952310329301
2021-08-07,10187.0,747.0,0.7135440759648604,0.7138039672587391
2021-08-08,9803.0,707.0,0.6992285586674509,0.70346863625398
2021-08-09,10112.0,795.0,0.708812866431354,0.7087130467599823
2021-08-10,11536.0,835.0,0.7321833932907779,0.7334632087031094
2021-08-11,11690.0,890.0,0.738876569100713,0.7423967527834429
2021-08-12,11985.0,945.0,0.7424142689555192,0.7430072877270912
2021-08-13,11972.0,939.0,0.7382108854024585,0.7393132035013551
2021-08-14,11741.0,1035.0,0.7258390815653419,0.7195019543626474
2021-08-15,10686.0,997.0,0.7203114679249748,0.7095796767717361
2021-08-16,11138.0,1027.0,0.7276713044723611,0.7134121473549532
2021-08-17,12805.0,1130.0,0.7432253892450855,0.7361170792386674
2021-08-18,12827.0,1179.0,0.7504902553274995,0.7464089280803202
2021-08-19,12792.0,1228.0,0.7552853215659023,0.7478598994177509
2021-08-20,12664.0,1250.0,0.7540510533430643,0.7438943075822125
2021-08-21,12463.0,1240.0,0.7490701435973605,0.7266125137334688
2021-08-22,11651.0,1274.0,0.740881525869819,0.7138199274476057
2021-08-23,11618.0,1279.0,0.7466821494415655,0.7199978372500535
2021-08-24,13092.0,1346.0,0.7650076174021732,0.7379039315650395
2021-08-25,12740.0,1415.0,0.7675444181423532,0.7467489467304669
2021-08-26,13058.0,1367.0,0.7700464866110784,0.7445360816564631
2021-08-27,12802.0,1423.0,0.772624496098738,0.7412438666490148
2021-08-28,12308.0,1436.0,0.7593317539177846,0.7233927188139951
2021-08-29,11244.0,1369.0,0.7529300606776237,0.71432994150518
2021-08-30,11390.0,1431.0,0.7601716461455802,0.7156866951872785
2021-08-31,12936.0,1496.0,0.7735585223623981,0.737716704316272
2021-09-01,13076.0,1547.0,0.7820539117557929,0.7467002284872251
2021-09-02,12825.0,1581.0,0.7727491360008835,0.7491734004680543
2021-09-03,12057.0,1494.0,0.77490087489676,0.7405637839324085
2021-09-04,12157.0,1491.0,0.7673588780555156,0.7226269268036433
2021-09-05,11080.0,1533.0,0.7494970352710288,0.708117036056249
2021-09-06,11008.0,1491.0,0.7555030860691401,0.7066207032731475
2021-09-07,11436.0,1549.0,0.7628884327138308,0.7233123581324954
2021-09-08,12452.0,1514.0,0.7717988231354973,0.7459245957399326
2021-09-09,12264.0,1508.0,0.7783960519039547,0.7562914704005805
2021-09-10,11787.0,1689.0,0.7805431103064739,0.7541367885819069
2021-09-11,11260.0,1701.0,0.7736876449851411,0.7364778496730557
2021-09-12,10132.0,1559.0,0.7607864966391307,0.7256501287814928
2021-09-13,10187.0,1579.0,0.7716951599923133,0.7293166407804976
2021-09-14,11192.0,1634.0,0.7881834998681355,0.7511219135353774
2021-09-15,10870.0,1585.0,0.7920877009897969,0.7588064689356261
2021-09-16,10867.0,1602.0,0.7891668261156028,0.7592184311992334
2021-09-17,10326.0,1493.0,0.7910960835325166,0.7546562108826059
2021-09-18,9918.0,1505.0,0.771817947423006,0.7317021599649002
2021-09-19,8776.0,1393.0,0.7547958159635884,0.7208445399770089
2021-09-20,8644.0,1545.0,0.7630635203278427,0.7270780272395674
2021-09-21,9831.0,1503.0,0.7799114896658188,0.7476749334245143
2021-09-22,9645.0,1487.0,0.7814224341885235,0.7576480136517153
2021-09-23,9274.0,1456.0,0.7842602859571595,0.7552724198155316
2021-09-24,8950.0,1388.0,0.7862980699997947,0.749109570168035
2021-09-25,8457.0,1406.0,0.7654670640417273,0.7309526419379547
2021-09-26,7486.0,1239.0,0.7538926249892268,0.7177662751213276
2021-09-27,7339.0,1411.0,0.7539631000791914,0.72181969878156
2021-09-28,8583.0,1333.0,0.7797861421124526,0.7457257600782606
2021-09-29,8196.0,1341.0,0.7787448117766551,0.7563987498223816
2021-09-30,7948.0,1346.0,0.7795683528023958,0.7532750391982114
2021-10-01,7829.0,1186.0,0.7698166134048263,0.7445289090746691
2021-10-02,7338.0,1175.0,0.7606300287475318,0.7265411318071716
2021-10-03,6502.0,1164.0,0.744756165573366,0.7155404845747255
2021-10-04,6500.0,1250.0,0.7414586194231247,0.7168560097642591
2021-10-05,7598.0,1095.0,0.7676516688328334,0.7440771706845355
2021-10-06,7610.0,1101.0,0.7776444521002454,0.7532094483219528
2021-10-07,7372.0,1215.0,0.7836544883371005,0.753073273336801
2021-10-08,7092.0,1169.0,0.7741164593802173,0.7507380164447767
2021-10-09,6884.0,1065.0,0.7584267202312005,0.731069678662307
2021-10-10,6075.0,947.0,0.7456782739904286,0.7190825046467066
2021-10-11,5974.0,969.0,0.7423012085927951,0.7207720444709234
2021-10-12,6940.0,971.0,0.7643579537693898,0.7436105398526975
2021-10-13,6781.0,954.0,0.7721364304046723,0.7555772865075909
2021-10-14,6539.0,914.0,0.7659064560710184,0.7536580865276163
2021-10-15,6571.0,983.0,0.7630569349387637,0.7478455502473118
2021-10-16,6238.0,1100.0,0.7532343634263535,0.7308606529232716
2021-10-17,5416.0,952.0,0.7442661418173108,0.7180463190753621
2021-10-18,5352.0,850.0,0.7458043894611388,0.7209729067317681
2021-10-19,6122.0,918.0,0.7626386273788559,0.7443993859451874
2021-10-20,5931.0,935.0,0.7753743427588021,0.7553212779922602
2021-10-21,5965.0,899.0,0.7723727768562081,0.7554097891319977
2021-10-22,5764.0,824.0,0.7594030265092593,0.7476116662133121
2021-10-23,5537.0,850.0,0.7522310221989504,0.7283429251276148
2021-10-24,4843.0,743.0,0.7299033501906427,0.7134027615951536
2021-10-25,4947.0,805.0,0.733547996850769,0.7223739018519836
2021-10-26,5514.0,753.0,0.7502616555229389,0.7472848513876615
2021-10-27,5546.0,816.0,0.7583964014960034,0.7597958099111654
2021-10-28,5412.0,760.0,0.7610156063940117,0.7556644637000298
2021-10-29,5413.0,795.0,0.7519988457822951,0.7477589389006423
2021-10-30,5275.0,743.0,0.7389099114536646,0.72557706274552
2021-10-31,4565.0,730.0,0.7197523042516404,0.7121105227464345
2021-11-01,4417.0,646.0,0.7218518502134403,0.7163326440196379
2021-11-02,5430.0,730.0,0.7484489671520128,0.7421890340110766
2021-11-03,5376.0,683.0,0.7537200730053875,0.7498627391831965
2021-11-04,5280.0,677.0,0.7514017018668648,0.7495454549955274
2021-11-05,5307.0,648.0,0.7468954358419031,0.7430467255356218
2021-11-06,5164.0,631.0,0.7355564003029187,0.7253657246183401
2021-11-07,4743.0,679.0,0.7260157457928798,0.7144901332859922
2021-11-08,4904.0,742.0,0.7320737259463633,0.7217189846623236
2021-11-09,5771.0,672.0,0.7487563295705996,0.7476119127076191
2021-11-10,5582.0,705.0,0.7602761095259266,0.7578527046655004
2021-11-11,5559.0,705.0,0.7551822103820184,0.7563581226808864
2021-11-12,5608.0,759.0,0.7561003343818297,0.7534071964272194
2021-11-13,5628.0,635.0,0.7362072962941298,0.731578557223831
2021-11-14,5053.0,628.0,0.7228525514586983,0.7187184559493878
2021-11-15,5230.0,600.0,0.7355330850362968,0.7237953330790025
2021-11-16,6423.0,687.0,0.7604662160533593,0.7494675412367676
2021-11-17,6247.0,818.0,0.7678817664427656,0.7598551253722067
2021-11-18,6418.0,759.0,0.7636829643865666,0.7591610147090868
2021-11-19,6013.0,750.0,0.7593341144999903,0.7518462345195771
2021-11-20,6012.0,686.0,0.742176886137568,0.7314282707954551
2021-11-21,5480.0,683.0,0.7342482056938588,0.7177454201063763
2021-11-22,5978.0,733.0,0.7396659331088041,0.7188022524898569
2021-11-23,7017.0,827.0,0.7528897022813036,0.7417919725261143
2021-11-24,6711.0,809.0,0.7461962956872226,0.735613156091635
2021-11-25,6487.0,717.0,0.7278605147045928,0.6988148093525526
2021-11-26,5709.0,690.0,0.7223196172564695,0.6881305978858706
2021-11-27,6804.0,780.0,0.7271753434666666,0.6909757904050379
2021-11-28,6095.0,902.0,0.731966326383479,0.6997381095453882
2021-11-29,6517.0,820.0,0.7452830929390205,0.7163139952679166
2021-11-30,7578.0,861.0,0.768970748335368,0.7486723132747019
2021-12-01,7483.0,1004.0,0.7773277975933591,0.7589855174941668
2021-12-02,7341.0,901.0,0.7832489385053084,0.7625152147535447
2021-12-03,7826.0,911.0,0.780579431140609,0.7596072479273757
2021-12-04,7653.0,770.0,0.7640445367615336,0.742439004393712
2021-12-05,6899.0,864.0,0.75177114142979,0.7288114954544628
2021-12-06,7067.0,894.0,0.7597046973665021,0.7364760286254389
2021-12-07,8519.0,917.0,0.7807147939144968,0.7609370677242175
2021-12-08,8342.0,949.0,0.7816401404584948,0.7677753431988712
2021-12-09,8387.0,1000.0,0.7794001139093003,0.7669227931020474
2021-12-10,8377.0,1048.0,0.7762847419363781,0.7610638614594138
2021-12-11,8029.0,942.0,0.7679677471923924,0.743931119416093
2021-12-12,7299.0,879.0,0.7575800306199345,0.7348460293018484
2021-12-13,6915.0,1080.0,0.761925835169629,0.7368606609670728
2021-12-14,8252.0,1016.0,0.7807711109669552,0.7613809502615985
2021-12-15,8183.0,1076.0,0.7846006327453038,0.7667622020187326
2021-12-16,8222.0,1097.0,0.7860217018495981,0.7665387047701989
2021-12-17,8349.0,1163.0,0.7703090493291526,0.7578123910800123
2021-12-18,8026.0,1068.0,0.7581151813620919,0.7400681081375393
2021-12-19,7420.0,1008.0,0.7451090321924823,0.7252880367406983
2021-12-20,7508.0,1026.0,0.7512458553487498,0.7276725800037543
2021-12-21,8963.0,1120.0,0.7582635379133138,0.7450083758449879
2021-12-22,9312.0,1297.0,0.7574720839012291,0.7422739826039343
2021-12-23,9699.0,1227.0,0.7577676210247339,0.7284079258775679
2021-12-24,9682.0,1071.0,0.740775675372394,0.6957075895105149
2021-12-25,9276.0,1109.0,0.7234528158005994,0.6590753293257741
2021-12-26,9652.0,943.0,0.7268556647508765,0.6691441984519507
2021-12-27,10998.0,1146.0,0.7436556339888674,0.696654244894008
2021-12-28,14017.0,1191.0,0.7614213326839236,0.7303479752211737
2021-12-29,15468.0,1306.0,0.7650578812229987,0.7407289270564458
2021-12-30,16122.0,1236.0,0.7662570703439896,0.7434082142362576
2021-12-31,16789.0,1282.0,0.7578594699826143,0.7310292019102589
2022-01-01,15863.0,1196.0,0.7454925626407722,0.710915063345407
2022-01-02,16040.0,1123.0,0.7487069776002834,0.7119888207625343
2022-01-03,16817.0,1326.0,0.7629308079649386,0.7249712283617916
2022-01-04,19671.0,1324.0,0.7811240896415301,0.7460695241204571
2022-01-05,21077.0,1475.0,0.7839795222610847,0.7563453834624347
2022-01-06,21500.0,1505.0,0.7952855399359869,0.7600406571955111
2022-01-07,21870.0,1539.0,0.785590279692809,0.7555198973768884
2022-01-08,21364.0,1473.0,0.7805137547014316,0.7449873461765749
2022-01-09,19471.0,1487.0,0.7693558903336347,0.7369358276647987
2022-01-10,19608.0,1392.0,0.7756492685950597,0.7467631372971941
2022-01-11,22446.0,1453.0,0.7961872069856711,0.7632839878801391
2022-01-12,23466.0,1623.0,0.7968380349742455,0.7661496280284211
2022-01-13,23105.0,1533.0,0.7962782301992449,0.7659314158254091
2022-01-14,23473.0,1558.0,0.7999152319272983,0.7612560289892074
2022-01-15,22408.0,1492.0,0.7945551580531811,0.7460049025177503
2022-01-16,18860.0,1526.0,0.7724172038847081,0.7338312502871736
2022-01-17,18062.0,1617.0,0.7811805603121544,0.7404991695359932
2022-01-18,21649.0,1476.0,0.7900246289628213,0.7596626936373705
2022-01-19,22432.0,1324.0,0.7959939315746412,0.7662004243122026
2022-01-20,21851.0,1313.0,0.8028923214660454,0.769132366954072
2022-01-21,21145.0,1320.0,0.7948353628613115,0.7637035143419655
2022-01-22,19653.0,1282.0,0.7865042963090184,0.7470459322556823
2022-01-23,17021.0,1247.0,0.7803495491715531,0.7373880992171726
2022-01-24,16866.0,1311.0,0.7790223224939825,0.744461034194225
2022-01-25,20191.0,1313.0,0.8001723173704754,0.764115292375585
2022-01-26,19528.0,1238.0,0.7999358972489029,0.7706744907848956
2022-01-27,18454.0,1301.0,0.7924779735202507,0.7663503477570801
2022-01-28,17900.0,1200.0,0.7899201838289918,0.7626205064079846
2022-01-29,16757.0,1137.0,0.7685053760457511,0.7408450251471043
2022-01-30,13797.0,1057.0,0.7649993523688401,0.7327567497214003
2022-01-31,13237.0,1085.0,0.7646309845132911,0.7385026704675001
2022-02-01,15958.0,1051.0,0.7825930332949113,0.7571858481807977
2022-02-02,15248.0,1021.0,0.7809334547412327,0.7627265310757367
2022-02-03,14235.0,1047.0,0.7780055843149606,0.7621677078182162
2022-02-04,12700.0,926.0,0.7791395918552172,0.7557024945847254
2022-02-05,12245.0,901.0,0.7668517438488935,0.7389148370269035
2022-02-06,10537.0,863.0,0.7505306792532368,0.7264860154571423
2022-02-07,9821.0,836.0,0.7536617328537609,0.7324540884928546
2022-02-08,11644.0,796.0,0.7769710164312283,0.7564273499005332
2022-02-09,11270.0,809.0,0.7835287863754459,0.7653772370627698
2022-02-10,10538.0,725.0,0.7825332356756974,0.7666496846772203
2022-02-11,9929.0,813.0,0.7749536421817668,0.7617656537948259
2022-02-12,9197.0,736.0,0.7563933663302189,0.7436024255511564
2022-02-13,7316.0,703.0,0.736837912634798,0.7311036373286602
2022-02-14,6648.0,667.0,0.7360421345183227,0.7324292278952528
2022-02-15,7887.0,648.0,0.7509130008804445,0.7515235456517495
2022-02-16,7811.0,585.0,0.749733220686742,0.7601769319337989
2022-02-17,7376.0,842.0,0.7539350799430308,0.7591270423341323
2022-02-18,6782.0,539.0,0.7493591956604294,0.7529015287390488
2022-02-19,6122.0,496.0,0.7330279325473014,0.7334906996320926
2022-02-20,5025.0,488.0,0.7107402535989626,0.7185197620850537
2022-02-21,4698.0,458.0,0.7076336580280608,0.7146687382479047
2022-02-22,5661.0,458.0,0.7206509787887934,0.7375787388218931
2022-02-23,5560.0,474.0,0.7263636593692347,0.7524976676024282
2022-02-24,5057.0,414.0,0.7271257775346103,0.7526812144780469
2022-02-25,4814.0,383.0,0.7222130754209624,0.7434636734021159
2022-02-26,4393.0,355.0,0.7100390673149357,0.7213591362401017
2022-02-27,3562.0,322.0,0.6882754065827279,0.7014553296361293
2022-02-28,3335.0,318.0,0.6904652561438802,0.7105941112743543
2022-03-01,4097.0,343.0,0.7140726291008211,0.7326082309207929
2022-03-02,4065.0,324.0,0.7287784348886167,0.7474427190650114
2022-03-03,3777.0,316.0,0.7338276269806229,0.7470508918543041
2022-03-04,3530.0,250.0,0.7257190851941173,0.7444827462690694
2022-03-05,3278.0,280.0,0.7068593788391238,0.7247180533968541
2022-03-06,2684.0,249.0,0.6937679126153738,0.7081080206555167
2022-03-07,2495.0,241.0,0.6994727038607792,0.7131621413749696
2022-03-08,2880.0,230.0,0.7132991510167733,0.7370016731305191
2022-03-09,2841.0,234.0,0.7226873409989161,0.7462390616094041
2022-03-10,2742.0,227.0,0.7149388979798447,0.742414457538286
2022-03-11,2640.0,180.0,0.71467638093377,0.7375811769471852
2022-03-12,2482.0,200.0,0.6928740021162065,0.7148992422834921
2022-03-13,1928.0,151.0,0.6686722456405534,0.6968414579416385
2022-03-14,1751.0,155.0,0.6676534835928372,0.6963123432162384
2022-03-15,2335.0,192.0,0.6987466798359713,0.7259763187476593
2022-03-16,2259.0,160.0,0.7012365916286168,0.737325962613869
2022-03-17,2147.0,173.0,0.7071862497228187,0.7380213758546846
2022-03-18,2084.0,180.0,0.7015537882007415,0.7327960902800315
2022-03-19,1913.0,159.0,0.6858239282437455,0.7118976684232633
2022-03-20,1596.0,144.0,0.6616801913018127,0.7000307457304534
2022-03-21,1477.0,140.0,0.6705425374830613,0.7059429261748135
2022-03-22,1855.0,166.0,0.6964531027349226,0.7276159377906913
2022-03-23,1943.0,142.0,0.6974263977188999,0.7391237367206815
2022-03-24,1777.0,180.0,0.702688056377795,0.7393027620860004
2022-03-25,1756.0,158.0,0.6911343936020754,0.732172877175954
2022-03-26,1787.0,122.0,0.6811303738629532,0.7116008076658955
2022-03-27,1447.0,96.0,0.6621809393463237,0.6985047759107113
2022-03-28,1282.0,107.0,0.6682320197807141,0.6974460083710176
2022-03-29,1580.0,92.0,0.693842223153863,0.7250353438008761
2022-03-30,1598.0,103.0,0.7017076507317067,0.7340494903041944
2022-03-31,1573.0,110.0,0.7027777032333856,0.7319614077440484
2022-04-01,1558.0,114.0,0.6937931036781451,0.7259505225802007
2022-04-02,1522.0,97.0,0.6853628920949986,0.7065646047475986
2022-04-03,1241.0,84.0,0.6714419862542649,0.6938775207504362
2022-04-04,1280.0,83.0,0.6724572889205804,0.7002500974701305
2022-04-05,1515.0,84.0,0.6927902527796072,0.7256203646361898
2022-04-06,1573.0,79.0,0.7053302497843378,0.7389290283031514
2022-04-07,1607.0,107.0,0.7088698354596303,0.7380816002361817
2022-04-08,1638.0,88.0,0.7049276170329418,0.7332581622947059
2022-04-09,1488.0,75.0,0.6799881319377238,0.7074783087153604
2022-04-10,1367.0,161.0,0.6647177393905769,0.695165874314773
2022-04-11,1293.0,96.0,0.6721267557965729,0.6987058218352007
2022-04-12,1633.0,143.0,0.7007035209893786,0.7233483406871918
2022-04-13,1649.0,75.0,0.7045390435788997,0.7342277676580777
2022-04-14,1682.0,81.0,0.7024195809642211,0.7340689320156202
2022-04-15,1770.0,79.0,0.7010960939213654,0.729152390865774
2022-04-16,1619.0,79.0,0.6791396878233457,0.7036659234515521
2022-04-17,1411.0,150.0,0.6578186085338359,0.6880342271644172
2022-04-18,1500.0,91.0,0.6643314941034993,0.6881162682425731
2022-04-19,1822.0,84.0,0.6922532993619932,0.7181391494116974
2022-04-20,1980.0,92.0,0.7036492997092364,0.733329937112901
2022-04-21,1960.0,80.0,0.6976205531390242,0.7326762502471332
2022-04-22,2046.0,80.0,0.6936419646397816,0.7286939999365117
2022-04-23,2029.0,70.0,0.6740209350372625,0.7079017515283346
2022-04-24,1743.0,72.0,0.6621974241815042,0.6964358499072394
2022-04-25,1799.0,75.0,0.6745748517857203,0.7036713595306324
2022-04-26,2226.0,125.0,0.7050481686439576,0.7296546519575996
2022-04-27,2457.0,103.0,0.7088498228291003,0.7414206758335946
2022-04-28,2329.0,108.0,0.7069794339403324,0.7398987056186448
2022-04-29,2364.0,106.0,0.6996846471864115,0.7340146759152666
2022-04-30,2400.0,91.0,0.6835350033795031,0.7102862266737578
2022-05-01,2162.0,81.0,0.667139110592857,0.6969489509508455
2022-05-02,2176.0,125.0,0.6723583474512679,0.7022188615347551
2022-05-03,2661.0,103.0,0.6972312138663822,0.7275485997409207
2022-05-04,2816.0,82.0,0.7095736730672042,0.7379087001962282
2022-05-05,2854.0,87.0,0.7030308656503407,0.7370738510085596
2022-05-06,2932.0,91.0,0.6925861546420036,0.7308425451133529
2022-05-07,2869.0,84.0,0.6796035192382374,0.7126324858478544
2022-05-08,2510.0,84.0,0.6651614347969114,0.697375193578582
2022-05-09,2396.0,89.0,0.6573694452029882,0.7012597672573468
2022-05-10,3028.0,137.0,0.6956049487448809,0.7310135208758105
2022-05-11,3212.0,74.0,0.7019074651642524,0.7432080118208481
2022-05-12,3336.0,107.0,0.7028802186841615,0.7436911340645413
2022-05-13,3622.0,88.0,0.6970676666059232,0.7418671936552945
2022-05-14,3425.0,90.0,0.6770102759483985,0.7199655218611392
2022-05-15,3148.0,82.0,0.6655016338785466,0.711673731056023
2022-05-16,3076.0,103.0,0.6670416596003261,0.7185253601664499
2022-05-17,3827.0,95.0,0.697542372920914,0.741671371488034
2022-05-18,3795.0,98.0,0.7082879948311762,0.7504806135117019
2022-05-19,3724.0,95.0,0.7068490419306487,0.7493520707252878
2022-05-20,3847.0,98.0,0.7024244630586046,0.7422757841540741
2022-05-21,3771.0,102.0,0.6866858874772629,0.7237022044079331
2022-05-22,3413.0,103.0,0.6752644161554313,0.7112905543513389
2022-05-23,3440.0,92.0,0.6781351894299148,0.7141606856839209
2022-05-24,3921.0,116.0,0.6984510927150545,0.7393298375283002
2022-05-25,4099.0,121.0,0.706049520552403,0.748420210080465
2022-05-26,4171.0,102.0,0.6976509616498014,0.7453818182142086
2022-05-27,4191.0,108.0,0.6995627922748308,0.7351969894180728
2022-05-28,4186.0,132.0,0.6843539087504864,0.7127686797574226
2022-05-29,3653.0,163.0,0.6726665412059226,0.6976156595533048
2022-05-30,3593.0,229.0,0.6730192667371304,0.693111550913348
2022-05-31,3923.0,116.0,0.6823992374263805,0.7075025505210847
2022-06-01,4673.0,104.0,0.7007867552441134,0.7360527251198243
2022-06-02,4570.0,124.0,0.7065766389883137,0.7415387905825827
2022-06-03,4446.0,135.0,0.6975181654489023,0.7411161237606788
2022-06-04,4199.0,222.0,0.679653142931897,0.7221283547961397
2022-06-05,3709.0,109.0,0.667761511968159,0.7088015786151044
2022-06-06,3764.0,342.0,0.6770126277752072,0.7124409622814867
2022-06-07,4566.0,159.0,0.6968968353278007,0.7382566749108717
2022-06-08,4506.0,151.0,0.704602556939985,0.7490250623371475
2022-06-09,4656.0,118.0,0.7007120954621833,0.7459502182404715
2022-06-10,4581.0,125.0,0.7034228066517444,0.738087885323665
2022-06-11,4540.0,125.0,0.688693107413585,0.7191000977119032
2022-06-12,3916.0,112.0,0.6708744392174915,0.7099765285943452
2022-06-13,4082.0,115.0,0.6740941919047302,0.7120568907143802
2022-06-14,4697.0,120.0,0.7038622361078659,0.735480089455699
2022-06-15,4707.0,146.0,0.704232876647948,0.7465306739301044
2022-06-16,4738.0,122.0,0.6969385596803994,0.7451374023265374
2022-06-17,4619.0,115.0,0.6947049341112945,0.7403545841449559
2022-06-18,4425.0,140.0,0.6758318275329651,0.7202765202383263
2022-06-19,3964.0,123.0,0.6632807250844407,0.7089544058652838
2022-06-20,4113.0,120.0,0.6750750273926978,0.7132503398996575
2022-06-21,4836.0,139.0,0.6945975812171883,0.7345712674291918
2022-06-22,5050.0,124.0,0.7046046409558655,0.7471258819708005
2022-06-23,5144.0,124.0,0.6989624273527563,0.7448715949907752
2022-06-24,5300.0,143.0,0.694586135976813,0.7362376428349836
2022-06-25,5254.0,133.0,0.6807140623244793,0.7150181935010074
2022-06-26,4667.0,111.0,0.6693929309087484,0.7049235886742531
2022-06-27,4673.0,141.0,0.674546574406322,0.7073091788156235
2022-06-28,5420.0,136.0,0.7000668516077607,0.7302872676555162
2022-06-29,5461.0,139.0,0.7023684285756663,0.7440616554197599
2022-06-30,5496.0,139.0,0.697568587691363,0.7413107366159118
2022-07-01,5615.0,150.0,0.6868373962683302,0.7326574570495867
2022-07-02,5418.0,127.0,0.6751473147919957,0.7114151499700975
2022-07-03,4897.0,155.0,0.6579088964282704,0.6944526541090446
2022-07-04,4781.0,127.0,0.6603751433584557,0.6877987954840364
2022-07-05,5193.0,166.0,0.6682324694766125,0.6992861790820335
2022-07-06,6319.0,146.0,0.691818292658251,0.7299706129645955
2022-07-07,6401.0,140.0,0.6999592846726818,0.7426064734142797
2022-07-08,6490.0,137.0,0.701320977486634,0.7436281816564865
2022-07-09,6151.0,148.0,0.6882087496608664,0.7244358944122995
2022-07-10,5566.0,156.0,0.6697306048187509,0.7121390810338077
2022-07-11,5542.0,147.0,0.6732867541289741,0.7147466857117469
2022-07-12,6414.0,160.0,0.6944831400422579,0.7379256628147277
2022-07-13,6799.0,210.0,0.7030779740192391,0.7446848522281863
2022-07-14,6648.0,157.0,0.7007941877382237,0.7456378081102579
2022-07-15,6573.0,167.0,0.7052571968361088,0.740212734239445
2022-07-16,6377.0,163.0,0.6910734773902903,0.7255578824927221
2022-07-17,5693.0,176.0,0.6737288929380073,0.712388545968995
2022-07-18,5810.0,176.0,0.6835441244264199,0.716294597245683
2022-07-19,7066.0,170.0,0.7057603516905419,0.7409340884180184
2022-07-20,7087.0,211.0,0.7112427858932037,0.7495226126167084
2022-07-21,6935.0,200.0,0.7139155255589735,0.7499022469164729
2022-07-22,6937.0,125.0,0.7088755456406082,0.7436758186373488
2022-07-23,6551.0,171.0,0.6939285832021002,0.724398518486563
2022-07-24,5901.0,175.0,0.6742369358184361,0.7108563865214228
2022-07-25,5948.0,176.0,0.6832053018728919,0.7174834236486474
2022-07-26,6809.0,171.0,0.7029267787128753,0.7382194435492692
2022-07-27,6856.0,186.0,0.7107281520724312,0.7502694652965863
2022-07-28,6795.0,192.0,0.708287120608329,0.7509785928554604
2022-07-29,6825.0,181.0,0.6987095804401403,0.7417089059876628
2022-07-30,6200.0,235.0,0.6831774863614134,0.7226221986515049
2022-07-31,5599.0,175.0,0.6767834289644244,0.7116009204370513
2022-08-01,5683.0,200.0,0.6768873806264416,0.7141155110367218
2022-08-02,6514.0,162.0,0.6959513336986154,0.7373361637380289
2022-08-03,6742.0,176.0,0.6981339806289858,0.7481124657512866
2022-08-04,6652.0,173.0,0.6985434033864096,0.7451899366187109
2022-08-05,6604.0,186.0,0.6899229067556044,0.7404215582941205
2022-08-06,6263.0,175.0,0.6787547919170729,0.7214589990577813
2022-08-07,5499.0,150.0,0.665137384120086,0.7085034005668243
2022-08-08,5400.0,183.0,0.6737244360528892,0.7141058180577379
2022-08-09,6506.0,161.0,0.7093190827015616,0.7367992667708024
2022-08-10,6540.0,189.0,0.7130544318999458,0.747939809750615
2022-08-11,6424.0,168.0,0.7126460476904355,0.7479034041824241
2022-08-12,6298.0,183.0,0.7072566412317765,0.7423007453321281
2022-08-13,5859.0,404.0,0.6858149971952439,0.7228628506657576
2022-08-14,5137.0,151.0,0.6702061684912661,0.7087698519949619
2022-08-15,5088.0,170.0,0.6705845098357072,0.7137356249822323
2022-08-16,5967.0,161.0,0.6946430602542293,0.7405513497786111
2022-08-17,6057.0,179.0,0.7052802239721377,0.7491182224004049
2022-08-18,5859.0,169.0,0.7085292891723507,0.7480644720994235
2022-08-19,5639.0,184.0,0.7025390711932175,0.7437210907940014
2022-08-20,5515.0,161.0,0.6892677179853726,0.7232621179005123
2022-08-21,5009.0,164.0,0.6739296618980836,0.7126608283331798
2022-08-22,4946.0,220.0,0.6843425514332453,0.7132045134533468
2022-08-23,5604.0,155.0,0.7071264258379782,0.7397074355494445
2022-08-24,5649.0,147.0,0.7165073625567508,0.7507527784913476
2022-08-25,5495.0,165.0,0.7102769047304208,0.7509922975788952
2022-08-26,5512.0,161.0,0.7057171692078877,0.7440588600921804
2022-08-27,5282.0,162.0,0.6940863017053195,0.722872387677531
2022-08-28,4634.0,149.0,0.6776021969671069,0.7114896945810645
2022-08-29,4728.0,182.0,0.6786882225450891,0.7163008702799281
2022-08-30,5407.0,153.0,0.710228344101126,0.739819455817309
2022-08-31,5441.0,160.0,0.7148382352639795,0.7483712376815693
2022-09-01,5145.0,140.0,0.7114801154728402,0.7465873427359556
2022-09-02,4944.0,139.0,0.7014180692106744,0.7405502636414651
2022-09-03,4755.0,155.0,0.6880714206875652,0.718140128315512
2022-09-04,4239.0,138.0,0.6721696280212419,0.7017839875539198
2022-09-05,4182.0,115.0,0.6695589380821142,0.6997213927155431
2022-09-06,4413.0,155.0,0.679687150061478,0.7123654050923676
2022-09-07,5008.0,113.0,0.7058979953703087,0.7414107445514659
2022-09-08,4960.0,139.0,0.7137551244382516,0.751205898704825
2022-09-09,4829.0,141.0,0.7096610417917006,0.7481762520167153
2022-09-10,4467.0,135.0,0.6925435346790757,0.7303841643226919
2022-09-11,3865.0,129.0,0.6717850016657229,0.7138352449121652
2022-09-12,3923.0,131.0,0.6768958881084708,0.7200753093047891
2022-09-13,4438.0,137.0,0.7104009169924412,0.7453161599411238
2022-09-14,4517.0,145.0,0.7182030818375471,0.7542109045118792
2022-09-15,4463.0,128.0,0.715381390614841,0.7556630951309934
2022-09-16,4261.0,138.0,0.7171798819386134,0.7487558747838428
2022-09-17,4053.0,124.0,0.6930551615656058,0.7248523225077669
2022-09-18,3593.0,126.0,0.6732636062793269,0.710197472067095
2022-09-19,3712.0,130.0,0.6871445445766872,0.7165662766140282
2022-09-20,4240.0,131.0,0.7156068406096502,0.7402932910070622
2022-09-21,4167.0,154.0,0.7212486549791522,0.7542924797198792
2022-09-22,4149.0,126.0,0.7199449349936962,0.7532293203872125
2022-09-23,3950.0,135.0,0.7089595570040679,0.7447932943315088
2022-09-24,3610.0,130.0,0.6973610813388373,0.7239413725724753
2022-09-25,3178.0,112.0,0.6789343248704683,0.711716475505516
2022-09-26,3313.0,99.0,0.6826691222267427,0.7169038435964835
2022-09-27,3846.0,130.0,0.7052177319727301,0.7412003315264686
2022-09-28,3750.0,117.0,0.7130961323981155,0.7503918872228161
2022-09-29,3658.0,97.0,0.7125156832569678,0.7498491337890044
2022-09-30,3620.0,123.0,0.7032339212096319,0.7400934913944454
2022-10-01,3435.0,143.0,0.6823124656755525,0.7175122503127549
2022-10-02,3037.0,116.0,0.6698664201081358,0.7047925178339027
2022-10-03,3199.0,230.0,0.6737386631781108,0.71050792059291
2022-10-04,3660.0,99.0,0.698548165191645,0.7391365195312106
2022-10-05,3560.0,119.0,0.7084653199492442,0.7517841620376315
2022-10-06,3545.0,148.0,0.7028988110949695,0.7496066093693614
2022-10-07,3536.0,121.0,0.705022239911129,0.7446904041365353
2022-10-08,3367.0,116.0,0.6955234456876441,0.7249229721564362
2022-10-09,2885.0,134.0,0.6796565587851477,0.7116321014190204
2022-10-10,3042.0,123.0,0.6822794313687381,0.715936793458589
2022-10-11,3602.0,123.0,0.7005600611158114,0.7384153543281017
2022-10-12,3465.0,140.0,0.7227909334494187,0.7519170267061973
2022-10-13,3507.0,98.0,0.7183666529342408,0.7523102812065311
2022-10-14,3481.0,198.0,0.7090332918424458,0.7446813020134115
2022-10-15,3247.0,101.0,0.6949888611434047,0.7256362881060346
2022-10-16,2841.0,112.0,0.6857896779072306,0.7123146331477443
2022-10-17,2919.0,147.0,0.6914704963351648,0.7213818959515236
2022-10-18,3439.0,114.0,0.7216927480226896,0.7449109300075443
2022-10-19,3554.0,123.0,0.7270369367829198,0.7554092644276607
2022-10-20,3541.0,111.0,0.7175540593282169,0.7541109278847784
2022-10-21,3431.0,128.0,0.7189007470807345,0.7511595609632281
2022-10-22,3373.0,122.0,0.7087151966560776,0.7344312896497089
2022-10-23,2950.0,96.0,0.6877485464380387,0.7219528284895871
2022-10-24,3050.0,112.0,0.7016568028680866,0.7257344916522844
2022-10-25,3658.0,117.0,0.7194299415447574,0.7495092314693352
2022-10-26,3814.0,111.0,0.7291703214070128,0.7598506583312867
2022-10-27,3659.0,128.0,0.7230709803213683,0.7582056325167824
2022-10-28,3477.0,111.0,0.7220946542040275,0.7540249044879497
2022-10-29,3215.0,127.0,0.702804500614849,0.73033135460105
2022-10-30,2870.0,98.0,0.6894726525352816,0.7142330400961728
2022-10-31,2953.0,110.0,0.6901883702896606,0.7201897175469384
2022-11-01,3597.0,114.0,0.712846941413923,0.7408499378298783
2022-11-02,3811.0,97.0,0.7180514355564247,0.755004785755652
2022-11-03,3740.0,129.0,0.7260690873221399,0.7597474958907553
2022-11-04,3691.0,129.0,0.723095044965132,0.7525691407720753
2022-11-05,3475.0,107.0,0.7056108794864491,0.731753692234803
2022-11-06,3096.0,108.0,0.6878663720019217,0.7188029535966878
2022-11-07,3287.0,128.0,0.699726935225293,0.7283457936528948
2022-11-08,3754.0,133.0,0.7196536202473109,0.7515101149694007
2022-11-09,3562.0,112.0,0.7260264817618043,0.7619143779323845
2022-11-10,3532.0,121.0,0.7259454607823912,0.7614129939372509
2022-11-11,3514.0,108.0,0.7161739985172915,0.7539974662667481
2022-11-12,3548.0,118.0,0.7061921731127294,0.7340213723115764
2022-11-13,3085.0,98.0,0.6860956967772979,0.7215289948734366
2022-11-14,3137.0,166.0,0.6882313848750363,0.7283648876064808
2022-11-15,3586.0,131.0,0.7139086122523467,0.7531212718495763
2022-11-16,3764.0,121.0,0.7269213175715842,0.7617426754556239
2022-11-17,3653.0,117.0,0.7237801650718283,0.7633308723040666
2022-11-18,3867.0,126.0,0.7172876372692187,0.7552104226468216
2022-11-19,3649.0,137.0,0.7076292943721455,0.7326063689929115
2022-11-20,3252.0,126.0,0.6888919699600128,0.7190530818323735
2022-11-21,3479.0,123.0,0.693015518040693,0.7243061397772533
2022-11-22,4134.0,141.0,0.7157445449060077,0.7460236097093854
2022-11-23,4185.0,134.0,0.718897516916914,0.745482500662794
2022-11-24,4049.0,128.0,0.6947488235548945,0.7107794638935242
2022-11-25,3673.0,129.0,0.683404145545214,0.6990463754839242
2022-11-26,4351.0,129.0,0.6829870884582357,0.7041718843266866
2022-11-27,4170.0,122.0,0.6960910282403283,0.7172534895807188
2022-11-28,4580.0,133.0,0.7124848865448861,0.7350629672641323
2022-11-29,5342.0,148.0,0.7508545293070876,0.7693102568908977
2022-11-30,5311.0,129.0,0.7703116020182887,0.7792441309211416
2022-12-01,5072.0,133.0,0.7665298014388283,0.778629027867566
2022-12-02,5023.0,146.0,0.759796395245892,0.7733663042402319
2022-12-03,4855.0,148.0,0.7381831495798237,0.7535464996990614
2022-12-04,4393.0,158.0,0.7189900927486116,0.7439879188497742
2022-12-05,4624.0,137.0,0.7292414395169265,0.7533443857402486
2022-12-06,5505.0,154.0,0.7493456619582615,0.7720834163123831
2022-12-07,5451.0,145.0,0.7485923580020694,0.7788053521932357
2022-12-08,5275.0,156.0,0.7592984250285367,0.7824658159791127
2022-12-09,5141.0,160.0,0.7435598659669409,0.7719634861255433
2022-12-10,5177.0,166.0,0.728618588605974,0.7521931305338003
2022-12-11,4644.0,140.0,0.7204832809572197,0.7397245945088694
2022-12-12,4739.0,155.0,0.7247172817551694,0.7449746943617065
2022-12-13,5629.0,408.0,0.7458321103856634,0.7691015380610834
2022-12-14,5556.0,151.0,0.747277176001723,0.7731901895676905
2022-12-15,5826.0,152.0,0.7460448500179848,0.7707474461732718
2022-12-16,5704.0,159.0,0.7448812400933109,0.7628372571281002
2022-12-17,5591.0,157.0,0.7333967840894473,0.7450363584345887
2022-12-18,5049.0,163.0,0.7196032477195593,0.7334842677421761
2022-12-19,5086.0,200.0,0.7211472349314955,0.7386792389528466
2022-12-20,6047.0,131.0,0.7456468061849008,0.7604364621261474
2022-12-21,5974.0,162.0,0.7494506446366972,0.7586769719919488
2022-12-22,6020.0,154.0,0.7394241452652451,0.743151983780148
2022-12-23,5843.0,140.0,0.7180130424800537,0.7230181357208674
2022-12-24,5561.0,138.0,0.6910567828178102,0.6836884330174992
2022-12-25,5077.0,136.0,0.6804531280933196,0.6593243819710118
2022-12-26,5029.0,381.0,0.6938465795846838,0.6754063360829171
2022-12-27,6614.0,190.0,0.7104517480849687,0.7067014971758736
2022-12-28,7146.0,394.0,0.72948454829709,0.7413642767123757
2022-12-29,7278.0,403.0,0.734474295222237,0.7541371583334163
2022-12-30,7377.0,389.0,0.7397726962859613,0.7557501516046969
2022-12-31,6930.0,186.0,0.7330128160609628,0.7372626691512993
2023-01-01,6105.0,171.0,0.7178557267933213,0.7199418694999502
2023-01-02,6075.0,196.0,0.7291441647434551,0.7284331305512592
2023-01-03,6714.0,181.0,0.7497575714187023,0.7450623517972742
2023-01-04,6917.0,169.0,0.7658112874977218,0.7678954567707318
2023-01-05,6676.0,178.0,0.7668921418515798,0.7734025868663778
2023-01-06,6599.0,157.0,0.7645972575906013,0.7723883304101172
2023-01-07,5848.0,176.0,0.7457927981094783,0.7528608655457047
2023-01-08,5171.0,181.0,0.7352440080781206,0.7383219670231538
2023-01-09,5124.0,197.0,0.7390149001305266,0.74583719154519
2023-01-10,5846.0,170.0,0.7596073087176186,0.76464608735778
2023-01-11,5811.0,166.0,0.760772699500142,0.7721108448508217
2023-01-12,5653.0,174.0,0.7542051932041955,0.7707293417265931
2023-01-13,5407.0,160.0,0.7467215424517041,0.765798469213789
2023-01-14,5047.0,144.0,0.7345660574734995,0.7397165733229808
2023-01-15,4232.0,167.0,0.7100135507813755,0.7252218091615662
2023-01-16,4113.0,165.0,0.7158275228986442,0.7285432581210279
2023-01-17,4894.0,165.0,0.7326664981113832,0.7474348335253309
2023-01-18,4903.0,167.0,0.7512472269798925,0.7627512758710809
2023-01-19,4829.0,141.0,0.7495115452553116,0.7634134564915684
2023-01-20,4736.0,155.0,0.7470452429208855,0.7547985408878509
2023-01-21,4380.0,132.0,0.7271950604813443,0.7350959578887938
2023-01-22,3706.0,131.0,0.7081028386597223,0.7194014546992908
2023-01-23,3712.0,573.0,0.7128545996735021,0.7259828784807213
2023-01-24,4427.0,142.0,0.7349267867020883,0.7480668680978462
2023-01-25,4458.0,147.0,0.7361232085791093,0.7557580959900643
2023-01-26,4190.0,147.0,0.7292950587719816,0.7541142670045512
2023-01-27,4159.0,150.0,0.7272985875335833,0.7466991551227649
2023-01-28,3999.0,127.0,0.7139713595696979,0.7269090622199857
2023-01-29,3544.0,120.0,0.7008285006564864,0.7167172116651422
2023-01-30,3525.0,113.0,0.7033300310637657,0.7208915974601672
2023-01-31,4060.0,133.0,0.7233823917444039,0.7449924970986188
2023-02-01,4032.0,139.0,0.7290006860487543,0.7526378284863765
2023-02-02,3995.0,149.0,0.7309217655789242,0.7480128638883531
2023-02-03,3892.0,131.0,0.7201446123434804,0.7415073908020724
2023-02-04,3761.0,140.0,0.7067855133442259,0.7195189858843528
2023-02-05,3249.0,105.0,0.6964563533473894,0.7117255143160469
2023-02-06,3453.0,111.0,0.705879179132928,0.7203616488722824
2023-02-07,4039.0,126.0,0.728379536829622,0.7470599461517571
2023-02-08,4083.0,133.0,0.7336043839582368,0.7571066797278261
2023-02-09,4017.0,129.0,0.7350701954932716,0.7564200765364283
2023-02-10,4000.0,96.0,0.7320914404790121,0.7498731314702669
2023-02-11,3874.0,113.0,0.7169751633409953,0.7297818115508269
2023-02-12,3237.0,109.0,0.6999943273334333,0.7152871925453115
2023-02-13,3257.0,125.0,0.6990940811130159,0.7155505851759293
2023-02-14,3933.0,125.0,0.7325070348467319,0.7431439512575343
2023-02-15,4006.0,80.0,0.7425204103614773,0.7558581518893445
2023-02-16,3948.0,118.0,0.7401264747804576,0.7581606133409688
2023-02-17,3820.0,91.0,0.7374893633521973,0.7509132785902424
2023-02-18,3643.0,93.0,0.7138370873474693,0.7266439169227625
2023-02-19,3217.0,105.0,0.6963444221864257,0.7134635029729034
2023-02-20,3224.0,101.0,0.702653804588433,0.7195687498527964
2023-02-21,3852.0,107.0,0.7213515638234136,0.7402333660250444
2023-02-22,3707.0,109.0,0.7360127528016358,0.7518758817763265
2023-02-23,3584.0,112.0,0.7387127413506797,0.7532910189557936
2023-02-24,3462.0,80.0,0.7318271735274896,0.7473732388540071
2023-02-25,3363.0,87.0,0.7084990030546535,0.7246507255455086
2023-02-26,2867.0,89.0,0.6992409993950155,0.7130925406045242
2023-02-27,3149.0,101.0,0.7087154782189551,0.7216852910458336
2023-02-28,3603.0,93.0,0.7348687891766538,0.7481067285589428
2023-03-01,3375.0,102.0,0.7460520338605564,0.7584263357016328
2023-03-02,3319.0,85.0,0.738633085937841,0.7569825230899098
2023-03-03,3281.0,74.0,0.7326921950851779,0.7484461533784825
2023-03-04,3095.0,104.0,0.712507897017485,0.7282868897222692
2023-03-05,2728.0,71.0,0.6980783342978144,0.7199672901549954
2023-03-06,2833.0,99.0,0.7038579524501892,0.7232869789252048
2023-03-07,3135.0,83.0,0.7282276284763216,0.744053552539813
2023-03-08,3043.0,113.0,0.7318311968133661,0.7500720935011125
2023-03-09,2965.0,110.0,0.7237168311556309,0.7497899196981519
2023-03-10,2897.0,95.0,0.7234537055050102,0.7434895658244388
2023-03-11,2812.0,98.0,0.7012324462034633,0.721351178907655
2023-03-12,2351.0,96.0,0.6825156725264343,0.7091426143877151
2023-03-13,2406.0,92.0,0.7015751143066465,0.71587720958931
2023-03-14,2855.0,99.0,0.7187390489573003,0.7358295368226114
2023-03-15,2786.0,91.0,0.7285075082942827,0.7472956752159402
2023-03-16,2877.0,84.0,0.7240823833101415,0.7444407269552561
2023-03-17,2651.0,98.0,0.7208511065688824,0.7372392166109989
2023-03-18,2439.0,91.0,0.7056612533756452,0.7190677334460112
2023-03-19,2183.0,80.0,0.6895955288703426,0.7096120339609442
2023-03-20,2229.0,87.0,0.6939697819725957,0.7159123246733756
2023-03-21,2634.0,88.0,0.7233293427028232,0.7396991649264791
2023-03-22,2607.0,90.0,0.7282322212870628,0.7485626267100911
2023-03-23,2636.0,86.0,0.7345297118235328,0.7491797559911872
2023-03-24,2633.0,76.0,0.7218836301102461,0.7439859625839438
2023-03-25,2477.0,316.0,0.6988850101392734,0.7206420922684836
2023-03-26,2161.0,1023.0,0.6878317115021999,0.7109144064800529
2023-03-27,2100.0,329.0,0.6954464573466886,0.7166415630629012
2023-03-28,2474.0,311.0,0.7244516121315228,0.7405698336466876
2023-03-29,2456.0,75.0,0.727057292025244,0.7501466347765402
2023-03-30,2362.0,93.0,0.7219550201249725,0.7449132970450997
2023-03-31,2315.0,88.0,0.7221985778906594,0.7332468766739153
2023-04-01,2246.0,90.0,0.7099852704417776,0.713211390799393
2023-04-02,1919.0,72.0,0.7004206854439788,0.7014465972070053
2023-04-03,2064.0,70.0,0.6886051266875197,0.7066196763059892
2023-04-04,2354.0,66.0,0.7141602758061164,0.7286274048820035
2023-04-05,2227.0,98.0,0.7187408330627596,0.7375231292347121
2023-04-06,2112.0,75.0,0.7183279171595797,0.7373873464418444
2023-04-07,2080.0,59.0,0.7097146187168577,0.7280763406332308
2023-04-08,1861.0,91.0,0.67774243411952,0.7030289597506568
2023-04-09,1648.0,61.0,0.6657896331720689,0.6894061971007895
2023-04-10,1786.0,64.0,0.6757205608710033,0.6965846327369373
2023-04-11,2089.0,62.0,0.6963165644335904,0.7219439594769678
2023-04-12,2013.0,67.0,0.7097034279932748,0.7362723678331946
2023-04-13,2038.0,297.0,0.720202116519526,0.7389906062716195
2023-04-14,1966.0,59.0,0.7063143737394812,0.7326651475534114
2023-04-15,1985.0,59.0,0.700177131077152,0.7149981680627765
2023-04-16,1656.0,66.0,0.6868754687441062,0.7051354458803971
2023-04-17,1671.0,56.0,0.6891070642884507,0.7111500806872384
2023-04-18,1842.0,56.0,0.7124700360299397,0.7356858540265485
2023-04-19,1771.0,72.0,0.7150721645603743,0.7422882665898851
2023-04-20,1761.0,66.0,0.7089621519501331,0.7404467583967589
2023-04-21,1672.0,66.0,0.7015261088600168,0.7297126647069487
2023-04-22,1628.0,51.0,0.6856806217082458,0.7091225076951071
2023-04-23,1398.0,67.0,0.6686512406304544,0.6942751331666962
2023-04-24,1379.0,56.0,0.6759899834514628,0.7035057063774205
2023-04-25,1560.0,68.0,0.7089786597266631,0.7263636315343787
2023-04-26,1498.0,60.0,0.7074669126448986,0.729964420696045
2023-04-27,1499.0,53.0,0.7110054186954576,0.7293325020982423
2023-04-28,1539.0,312.0,0.6966526547185619,0.7244539880996756
2023-04-29,1483.0,45.0,0.6804075249681736,0.700725492834975
2023-04-30,1362.0,50.0,0.6755178897077384,0.6918181186992286
2023-05-01,1305.0,36.0,0.6844505137619381,0.6996458184869508
2023-05-02,1523.0,48.0,0.7068748754602395,0.7253952079705461
2023-05-03,1476.0,65.0,0.7069087277124624,0.7366109660402648
2023-05-04,1436.0,56.0,0.7053574455570062,0.7337224321557256
2023-05-05,1410.0,47.0,0.6977896035861271,0.7235379453910739
2023-05-06,1389.0,59.0,0.6861537131487856,0.7033262142805635
2023-05-07,1301.0,52.0,0.6683328411220257,0.6935720489772121
2023-05-08,1280.0,52.0,0.6822792209455912,0.6993282076775927
2023-05-09,1492.0,48.0,0.7020745129490842,0.7255121556944263
2023-05-10,1400.0,46.0,0.7124491201034924,0.7369575084164686
2023-05-11,1394.0,65.0,0.7160981414314406,0.7347532523928898
2023-05-12,1322.0,47.0,0.7066668275299915,0.7265032978112583
2023-05-13,1249.0,67.0,0.6801560486731184,0.7025560704358228
2023-05-14,1055.0,63.0,0.6682160806723798,0.6931543884607466
2023-05-15,1099.0,65.0,0.6760555219288112,0.6973592211180636
2023-05-16,1355.0,82.0,0.6948815335689238,0.7228262932766321
2023-05-17,1293.0,68.0,0.7020361465615617,0.736946937038502
2023-05-18,1242.0,68.0,0.6998010218318155,0.7358983929877687
2023-05-19,1338.0,80.0,0.6988626880266324,0.7264827365158569
2023-05-20,1140.0,67.0,0.6746190520332883,0.7001478312240146
2023-05-21,1008.0,61.0,0.6670858097967516,0.6911537417028664
2023-05-22,1126.0,108.0,0.6821111437621808,0.7003219522617625
2023-05-23,1243.0,58.0,0.7098042214680704,0.7278694899560344
2023-05-24,1140.0,56.0,0.7110131192837125,0.736322087029776
2023-05-25,1152.0,98.0,0.7005614718401622,0.7365860200479415
2023-05-26,1123.0,49.0,0.7002047579473547,0.7250361643193896
2023-05-27,1114.0,62.0,0.6809358320918749,0.698276751779484
2023-05-28,896.0,42.0,0.6596252779932844,0.6829484567143941
2023-05-29,1001.0,56.0,0.649618268528072,0.6808177724287693
2023-05-30,1136.0,50.0,0.6704168165981201,0.6981882474997682
2023-05-31,1189.0,59.0,0.6938933236132322,0.7243336216784002
2023-06-01,1164.0,57.0,0.704729590792252,0.7320306446854558
2023-06-02,1111.0,65.0,0.6952996794780547,0.7261811766007498
2023-06-03,1030.0,84.0,0.6756717536728702,0.7082333839794854
2023-06-04,955.0,60.0,0.6663849108773563,0.6950408445513547
2023-06-05,914.0,49.0,0.6721769326858543,0.7035041069598174
2023-06-06,1129.0,52.0,0.6997519532204357,0.7261510281833229
2023-06-07,1015.0,51.0,0.7038397683797017,0.7368169419504332
2023-06-08,1104.0,65.0,0.7035051665457515,0.7372274873205861
2023-06-09,955.0,57.0,0.69545973112237,0.7282737090486983
2023-06-10,968.0,61.0,0.6872795067409853,0.7064673307392801
2023-06-11,900.0,61.0,0.6740016609852538,0.695664120519165
2023-06-12,890.0,66.0,0.6822229223298997,0.7004517794398221
2023-06-13,1007.0,55.0,0.7034743786492699,0.7255681673627623
2023-06-14,1053.0,51.0,0.7145495240153134,0.7338743920421517
2023-06-15,1042.0,61.0,0.7168508429570464,0.7341915475384744
2023-06-16,996.0,48.0,0.7103448942928259,0.7272850414028307
2023-06-17,913.0,50.0,0.6863992117685789,0.705242595642868
2023-06-18,876.0,48.0,0.6720860058520479,0.6934123004614704
2023-06-19,820.0,47.0,0.6711950783570292,0.6969027564203435
2023-06-20,972.0,53.0,0.6961899892609209,0.7223735470766882
2023-06-21,904.0,56.0,0.7005251882849783,0.7320868045494509
2023-06-22,994.0,64.0,0.700303643310484,0.731328363960152
2023-06-23,918.0,51.0,0.6960893159661916,0.7232010009486634
2023-06-24,934.0,33.0,0.6755641892560923,0.702078123429019
2023-06-25,854.0,49.0,0.6580374753483761,0.6907551761343115
2023-06-26,877.0,42.0,0.6663121756986969,0.7004403989468888
2023-06-27,1000.0,54.0,0.6915005222609799,0.7209634836655977
2023-06-28,1071.0,84.0,0.7021119838612017,0.7319084178159436
2023-06-29,1011.0,53.0,0.7029474087878909,0.7304591179886047
2023-06-30,945.0,50.0,0.6864688894295619,0.7222849052552759
2023-07-01,897.0,51.0,0.6650947923593128,0.6989648965949167
2023-07-02,810.0,49.0,0.6446201463625642,0.6844106615416514
2023-07-03,889.0,46.0,0.6581867427618543,0.685729924789595
2023-07-04,1003.0,47.0,0.668787096714778,0.6900381079475716
2023-07-05,888.0,45.0,0.6621172166784516,0.690408321448402
2023-07-06,1019.0,47.0,0.6809348053276624,0.7105872980929858
2023-07-07,1018.0,60.0,0.6900708621846887,0.716594766012417
2023-07-08,971.0,56.0,0.6759013252162858,0.7035963428736598
2023-07-09,921.0,45.0,0.6703272112884312,0.6926862834962914
2023-07-10,975.0,49.0,0.6731268850395589,0.6997528787414902
2023-07-11,1091.0,60.0,0.6978841698593505,0.7237507854403854
2023-07-12,1136.0,70.0,0.70226505445712,0.7357160453088908
2023-07-13,1025.0,55.0,0.6969110932022798,0.7343832023185924
2023-07-14,1063.0,40.0,0.6984934921957302,0.728077423150246
2023-07-15,1071.0,49.0,0.6790251742307253,0.7076233954746838
2023-07-16,967.0,43.0,0.6671831121490258,0.6963896427292098
2023-07-17,1037.0,54.0,0.667297552440042,0.7039880979726507
2023-07-18,1231.0,39.0,0.6892567158068494,0.7261072632944298
2023-07-19,1229.0,52.0,0.6881280817998411,0.7360432348484955
2023-07-20,1162.0,58.0,0.6979031710397137,0.7356579923672771
2023-07-21,1287.0,58.0,0.6907650106345735,0.7273245648941686
2023-07-22,1288.0,56.0,0.6723524905402414,0.7098608633501157
2023-07-23,1136.0,50.0,0.6627278282373245,0.6982009856383532
2023-07-24,1202.0,42.0,0.6673493127056022,0.70255392389448
2023-07-25,1341.0,60.0,0.6855805777735772,0.7236692211399662
2023-07-26,1424.0,45.0,0.6959236705248635,0.7324672666769656
2023-07-27,1411.0,57.0,0.6998655573591142,0.7300161266210614
2023-07-28,1402.0,47.0,0.6961880186687991,0.7205847596764023
2023-07-29,1446.0,47.0,0.670817787428471,0.7021496293348184
2023-07-30,1282.0,51.0,0.6591415985959657,0.6933839735847398
2023-07-31,1306.0,63.0,0.6746084329984064,0.6957802257883711
2023-08-01,1615.0,43.0,0.6873081542707271,0.7166588694471372
2023-08-02,1581.0,48.0,0.6944028420507286,0.7261583896566238
2023-08-03,1603.0,46.0,0.6941502459632038,0.7253831078740645
2023-08-04,1737.0,52.0,0.6879144174818171,0.718227191023933
2023-08-05,1633.0,63.0,0.6647172990542681,0.6970535430230395
2023-08-06,1625.0,65.0,0.6562001763283667,0.6899286982137076
2023-08-07,1604.0,56.0,0.6654146416602914,0.6961801216541459
2023-08-08,1901.0,44.0,0.6855833589208177,0.7212334747928554
2023-08-09,2015.0,69.0,0.7069128613565594,0.7318946144384497
2023-08-10,2001.0,57.0,0.6998060257356926,0.7320606507972408
2023-08-11,1948.0,59.0,0.6980854541927288,0.7242794739376492
2023-08-12,1893.0,437.0,0.683181001488517,0.7063806415691645
2023-08-13,1834.0,71.0,0.6791299365536928,0.698855467211692
2023-08-14,2082.0,57.0,0.6769629288156694,0.7051293117517409
2023-08-15,2284.0,54.0,0.6986443253929643,0.7255818204205311
2023-08-16,2255.0,56.0,0.697981726764789,0.7357915329671291
2023-08-17,2256.0,61.0,0.6983780962586337,0.7338917080235019
2023-08-18,2292.0,51.0,0.6946967665109484,0.7293980772444576
2023-08-19,2301.0,57.0,0.6816698947192472,0.7103417024366067
2023-08-20,2146.0,60.0,0.6708758278450891,0.7001134599458035
2023-08-21,2231.0,51.0,0.6739249373024335,0.7026956840765327
2023-08-22,2699.0,54.0,0.6962237110750545,0.7268000248337811
2023-08-23,2647.0,56.0,0.6999857190401647,0.7375949722145422
2023-08-24,2768.0,68.0,0.7010819437525491,0.7353574101757976
2023-08-25,2724.0,57.0,0.7021615679255279,0.7278519637198106
2023-08-26,2673.0,62.0,0.6836736495958395,0.7093493183031078
2023-08-27,2438.0,67.0,0.6728948536840478,0.7005174348735775
2023-08-28,2739.0,67.0,0.674385216888169,0.7052998027886607
2023-08-29,2939.0,69.0,0.6965654154646115,0.7271631940547739
2023-08-30,2921.0,65.0,0.7066449318441642,0.7365397466125628
2023-08-31,2875.0,64.0,0.7059465890934151,0.7339819399816079
2023-09-01,2901.0,79.0,0.698998461825448,0.7231362183617928
2023-09-02,2724.0,64.0,0.6771951687655274,0.6995556505998306
2023-09-03,2563.0,69.0,0.6575656548371348,0.6846231888244113
2023-09-04,2801.0,70.0,0.6565655445045356,0.6840373242926036
2023-09-05,3050.0,60.0,0.6738822530337857,0.6997490468742326
2023-09-06,3439.0,78.0,0.7019425404192356,0.7277970917124174
2023-09-07,3382.0,74.0,0.7063281828901862,0.7381018867190667
2023-09-08,3276.0,74.0,0.6980473107169551,0.733956583750058
2023-09-09,3085.0,83.0,0.6828814558135777,0.7136114688300075
2023-09-10,2758.0,64.0,0.6703504974691469,0.7021705144250241
2023-09-11,2830.0,70.0,0.6774542973119677,0.7055113785202606
2023-09-12,3073.0,76.0,0.7040821996227559,0.7309130779654367
2023-09-13,3118.0,70.0,0.7044748078545083,0.7430398718009953
2023-09-14,3098.0,60.0,0.7030944431356895,0.7398189596950294
2023-09-15,3054.0,68.0,0.7005306196742651,0.7321534415818426
2023-09-16,2770.0,55.0,0.6873442027004836,0.7143941801960462
2023-09-17,2486.0,82.0,0.671492526213762,0.7016212512069028
2023-09-18,2628.0,68.0,0.6729730655147718,0.7056672423364186
2023-09-19,3088.0,72.0,0.7048646273505764,0.7304279590630807
2023-09-20,3183.0,81.0,0.705834770905188,0.7420703161546698
2023-09-21,3037.0,79.0,0.7048141306006003,0.7396102399065418
2023-09-22,3174.0,81.0,0.7014076844780753,0.7349740848040294
2023-09-23,2966.0,85.0,0.6819851648269298,0.7130789468212789
2023-09-24,2575.0,65.0,0.6713411223222521,0.7025065025261332
2023-09-25,2609.0,66.0,0.6795423696248278,0.7083130477171424
2023-09-26,2919.0,81.0,0.7078980285750646,0.7309062216477337
2023-09-27,2943.0,88.0,0.7004974291943665,0.7372646119315548
2023-09-28,2819.0,72.0,0.7105535130716392,0.7353793895463342
2023-09-29,2747.0,79.0,0.7016315930200343,0.7279149411329106
2023-09-30,2630.0,74.0,0.6813125364710766,0.7107781225316899
2023-10-01,2394.0,79.0,0.6617673478590226,0.6977168348415675
2023-10-02,2305.0,63.0,0.6579302758733125,0.7018721075467664
2023-10-03,2680.0,66.0,0.686354785689443,0.7253069425421964
2023-10-04,2626.0,74.0,0.6917257176018166,0.7363687807245527
2023-10-05,2643.0,73.0,0.7004156374076352,0.7354009247260477
2023-10-06,2580.0,70.0,0.6837747762690328,0.7280061782822651
2023-10-07,2308.0,70.0,0.673020153262033,0.7064764901769808
2023-10-08,2131.0,54.0,0.6585382960111907,0.6975925565821152
2023-10-09,2153.0,66.0,0.6647987692553753,0.7023520880871329
2023-10-10,2534.0,67.0,0.6910649888548868,0.7261871628318904
2023-10-11,2441.0,196.0,0.7069835572364241,0.7369549056266737
2023-10-12,2439.0,84.0,0.7087021640673444,0.7396665145179484
2023-10-13,2384.0,60.0,0.6926317471283455,0.7337681658627543
2023-10-14,2254.0,64.0,0.6778801155269489,0.7091395265144104
2023-10-15,2096.0,71.0,0.677472586227731,0.7008181507239932
2023-10-16,2118.0,68.0,0.6799293804267378,0.7060767961389368
2023-10-17,2451.0,77.0,0.699451571484718,0.7299805920149862
2023-10-18,2425.0,72.0,0.7018586756981487,0.7375946550429873
2023-10-19,2435.0,68.0,0.7067123068138825,0.7381092257471967
2023-10-20,2349.0,154.0,0.7001106842768435,0.7297471023670248
2023-10-21,2360.0,81.0,0.6782301890093839,0.7114833535561862
2023-10-22,2087.0,88.0,0.6710940095016237,0.7067551687392766
2023-10-23,2260.0,56.0,0.6798756385357206,0.7144642669739056
2023-10-24,2395.0,73.0,0.7000663135555747,0.7364560231572809
2023-10-25,2483.0,82.0,0.7075469872813743,0.7438555327262444
2023-10-26,2421.0,84.0,0.7069631280376272,0.7434253993870716
2023-10-27,2393.0,66.0,0.7051671992460314,0.7352568598655729
2023-10-28,2396.0,81.0,0.6884786363424349,0.7125353308113587
2023-10-29,2062.0,77.0,0.6719881700029808,0.7022335326037101
2023-10-30,2162.0,82.0,0.6692503247206341,0.7068397741580218
2023-10-31,2326.0,65.0,0.6938521916974046,0.7287377839661489
2023-11-01,2112.0,63.0,0.6934827366770783,0.7345012399251593
2023-11-02,2136.0,70.0,0.6901095316627945,0.7361479395149945
2023-11-03,2232.0,79.0,0.702700234711129,0.7326650712182082
2023-11-04,2204.0,67.0,0.6887019562655694,0.7108819144309844
2023-11-05,2086.0,53.0,0.6777581918806391,0.7014530288327289
2023-11-06,2251.0,67.0,0.6873173272720993,0.711606234462075
2023-11-07,2535.0,83.0,0.7128490985293987,0.7382710067505225
2023-11-08,2590.0,82.0,0.7199024123242045,0.7500092872187947
2023-11-09,2462.0,57.0,0.7156243136075418,0.748886080708369
2023-11-10,2545.0,74.0,0.7158009554383958,0.7413476686871096
2023-11-11,2331.0,73.0,0.6931989739589182,0.7202210732177353
2023-11-12,2247.0,70.0,0.6752397682554182,0.7092821683147547
2023-11-13,2268.0,51.0,0.6924715013963376,0.7176076069053877
2023-11-14,2642.0,65.0,0.711829972668294,0.7428924109812577
2023-11-15,2728.0,88.0,0.7253099654940847,0.749414575050345
2023-11-16,2718.0,75.0,0.7255916618178261,0.7493441399177274
2023-11-17,2673.0,67.0,0.7244752626551713,0.7435645611904197
2023-11-18,2671.0,76.0,0.6993657101041179,0.7231539175721804
2023-11-19,2564.0,67.0,0.6830879801006098,0.7126209298254259
2023-11-20,2710.0,60.0,0.6936789697068555,0.7152242541998596
2023-11-21,2941.0,69.0,0.7124917076358548,0.7336891678929193
2023-11-22,3055.0,75.0,0.7039861519107918,0.7273958749362376
2023-11-23,2747.0,81.0,0.6683734945195001,0.6906821915068515
2023-11-24,2510.0,70.0,0.6631572616088028,0.6766661124600595
2023-11-25,2992.0,73.0,0.6616212572660468,0.6789701672645995
2023-11-26,2872.0,79.0,0.6645265929051892,0.6879244766972575
2023-11-27,3006.0,81.0,0.6816250061889378,0.7085452527163623
2023-11-28,3681.0,89.0,0.7184422967913264,0.7406167139403579
2023-11-29,3468.0,85.0,0.7350153394407768,0.7542791554002837
2023-11-30,3477.0,99.0,0.7428281160514669,0.7587305726443501
2023-12-01,3382.0,96.0,0.7363464218722937,0.7525123193108738
2023-12-02,3311.0,70.0,0.7132305665131135,0.7377819576443743
2023-12-03,3102.0,76.0,0.7023050433234138,0.726316055709172
2023-12-04,3183.0,71.0,0.7159945064057354,0.732470158583572
2023-12-05,3742.0,85.0,0.7384754022902292,0.7547554070342005
2023-12-06,3499.0,73.0,0.7384050899261295,0.7620561007588806
2023-12-07,3353.0,69.0,0.7333628668812247,0.7599874881153192
2023-12-08,3435.0,84.0,0.721365715867192,0.7523330776796572
2023-12-09,3400.0,85.0,0.707746043455545,0.7349401444563272
2023-12-10,3248.0,82.0,0.6884937407688786,0.7227549057045826
2023-12-11,3310.0,69.0,0.6923038686267231,0.7284491667705679
2023-12-12,3792.0,83.0,0.7175126371063527,0.7473840907518209
2023-12-13,3730.0,92.0,0.7350248382466299,0.7582292789937104
2023-12-14,3863.0,69.0,0.7301856874364069,0.7569320400989904
2023-12-15,3742.0,91.0,0.7234525555374084,0.7491783698698282
2023-12-16,3774.0,93.0,0.7088291934428033,0.7281841986957618
2023-12-17,3466.0,91.0,0.6949099060066646,0.7195135704985799
2023-12-18,3945.0,71.0,0.7045534133126249,0.7284000196481235
2023-12-19,4651.0,110.0,0.7304643892945654,0.7529664484898293
2023-12-20,4477.0,78.0,0.727291400293003,0.7595570111846529
2023-12-21,4455.0,92.0,0.7274655730222542,0.7531021397566476
2023-12-22,4478.0,161.0,0.7078356754389212,0.7367060565039387
2023-12-23,4169.0,85.0,0.6856540906001235,0.7042711085291985
2023-12-24,4100.0,89.0,0.6594196789164769,0.6750894955568087
2023-12-25,4226.0,92.0,0.6663205537623244,0.661051866940158
2023-12-26,4479.0,94.0,0.6782013822158551,0.6817130898401785
2023-12-27,5341.0,436.0,0.7032068056422623,0.7161102780745794
2023-12-28,5759.0,338.0,0.7262701916623473,0.7402235133617138
2023-12-29,5843.0,117.0,0.7301739501518738,0.7477685726916816
2023-12-30,5604.0,102.0,0.7229922165278553,0.7361743301400446
2023-12-31,4861.0,111.0,0.7120737615365509,0.7242331868775664
2024-01-01,4854.0,113.0,0.7145830686630661,0.7210872983445827
2024-01-02,5015.0,97.0,0.7346320200524632,0.7336986191775385
2024-01-03,5526.0,95.0,0.7492570167424539,0.7577739641238187
2024-01-04,5299.0,116.0,0.7527696497553047,0.764379028376618
2024-01-05,5104.0,128.0,0.7559962599524325,0.7653886846256126
2024-01-06,4848.0,105.0,0.7460973558483096,0.7541810233206541
2024-01-07,4268.0,120.0,0.7403962482441175,0.7454661376076414
2024-01-08,4305.0,95.0,0.7454008298935647,0.748559111140287
2024-01-09,4732.0,124.0,0.7617125799681792,0.769595855051187
2024-01-10,4745.0,113.0,0.7634992998449827,0.7754506226279085
2024-01-11,4693.0,236.0,0.7599207618471316,0.7740966647387588
2024-01-12,4619.0,125.0,0.7523086550288819,0.7700084792335455
2024-01-13,4168.0,91.0,0.7384744098440024,0.752957489649023
2024-01-14,3662.0,115.0,0.7243093926517901,0.7414663409911675
2024-01-15,3525.0,96.0,0.7285175447499816,0.7418714687955392
2024-01-16,3937.0,99.0,0.741294777495977,0.7567619861716937
2024-01-17,3865.0,98.0,0.753542918947793,0.763079096589761
2024-01-18,3914.0,118.0,0.7514410020669566,0.7637962846848079
2024-01-19,3727.0,109.0,0.7481744326712098,0.7625709495165333
2024-01-20,3521.0,89.0,0.7306742406622204,0.7456712431677109
2024-01-21,3019.0,90.0,0.7143376750969231,0.7328887002314638
2024-01-22,3039.0,96.0,0.7210254120922511,0.7377529670354881
2024-01-23,3570.0,99.0,0.7449179361429084,0.7589596113365689
2024-01-24,3661.0,110.0,0.7527916535383554,0.7677588434069432
2024-01-25,3600.0,80.0,0.7527753719251268,0.7672001941738861
2024-01-26,3429.0,108.0,0.7459087726647086,0.7624369270755191
2024-01-27,3295.0,355.0,0.7275102543599139,0.7431558923072343
2024-01-28,2931.0,84.0,0.7128446676608863,0.7320670877475602
2024-01-29,2856.0,89.0,0.7192016355154882,0.7358090822441459
2024-01-30,3269.0,84.0,0.7383635961227893,0.7575348412112591
2024-01-31,3186.0,81.0,0.7448692323144401,0.7666581574217458
2024-02-01,3181.0,103.0,0.7393611682459764,0.7641025875923346
2024-02-02,3160.0,82.0,0.7328740395278068,0.756269931091944
2024-02-03,2963.0,81.0,0.7138661912417594,0.7394416150276498
2024-02-04,2674.0,91.0,0.6989541858430915,0.727564805208256
2024-02-05,2731.0,93.0,0.713448408388598,0.7334869212182697
2024-02-06,3135.0,86.0,0.7321258274862835,0.7536645781785021
2024-02-07,3055.0,73.0,0.7399998726840663,0.7615060534177153
2024-02-08,2924.0,100.0,0.7318262528157038,0.7611804707248916
2024-02-09,2968.0,74.0,0.7294882193197485,0.7538675061334895
2024-02-10,2916.0,87.0,0.7173928760911449,0.7320063746631511
2024-02-11,2549.0,79.0,0.6973965731252814,0.7216405054180106
2024-02-12,2660.0,70.0,0.6966151611382746,0.7270570892371788
2024-02-13,3174.0,92.0,0.7192218065864259,0.7486439657188085
2024-02-14,2831.0,75.0,0.733907580377617,0.757217437176071
2024-02-15,2839.0,83.0,0.7292006380037971,0.7525811697878884
2024-02-16,2791.0,72.0,0.7223803187582495,0.7478296636549975
2024-02-17,2737.0,81.0,0.711506184204488,0.7290481200756246
2024-02-18,2357.0,74.0,0.6956843988099192,0.7162703618384915
2024-02-19,2495.0,82.0,0.7030973735696748,0.7238676290163456
2024-02-20,2815.0,90.0,0.7263774370078537,0.7457539555653949
2024-02-21,2695.0,76.0,0.737559273591767,0.7570944203293338
2024-02-22,2597.0,86.0,0.7380027378209396,0.7580245850560737
2024-02-23,2609.0,69.0,0.7303987887483308,0.7548708088242958
2024-02-24,2422.0,88.0,0.7097998525113844,0.7373362105672322
2024-02-25,2141.0,78.0,0.6990340778282231,0.7289425153691331
2024-02-26,2216.0,81.0,0.6991061206451307,0.73194605341621
2024-02-27,2430.0,79.0,0.7268822982606118,0.7537066634924767
2024-02-28,2471.0,70.0,0.7337608801096805,0.7619740909434348
2024-02-29,2293.0,96.0,0.7240897403424733,0.7592966909269423
2024-03-01,2186.0,79.0,0.7233324291301232,0.746606098977044
2024-03-02,2082.0,71.0,0.7026890663058433,0.7248750119706499
2024-03-03,1991.0,78.0,0.6811832231834347,0.7157099248436499
2024-03-04,1967.0,75.0,0.7012555342267848,0.7228924890160813
2024-03-05,2160.0,80.0,0.7198418802584319,0.7486878212245225
2024-03-06,2059.0,72.0,0.7211313492103132,0.7541811211514686
2024-03-07,2004.0,71.0,0.7245957096522572,0.7546035429398218
2024-03-08,1911.0,61.0,0.7183401133815623,0.747909271443519
2024-03-09,1708.0,63.0,0.701642664436835,0.7252986923599073
2024-03-10,1542.0,60.0,0.6852522253477403,0.7134791981028442
2024-03-11,1464.0,72.0,0.6937383693122646,0.7190444853550728
2024-03-12,1761.0,54.0,0.720165389929182,0.7430554234637874
2024-03-13,1646.0,49.0,0.735088816538804,0.7502199015550304
2024-03-14,1600.0,68.0,0.7281734685986835,0.7492689775686552
2024-03-15,1558.0,73.0,0.7133394421438333,0.741734646318578
2024-03-16,1518.0,60.0,0.7023995593892299,0.7215252980208695
2024-03-17,1328.0,55.0,0.6889744929722589,0.7114224086092981
2024-03-18,1307.0,62.0,0.6955624707104879,0.7191513555756681
2024-03-19,1489.0,59.0,0.711840872277458,0.7412978915269948
2024-03-20,1457.0,83.0,0.7153915234908915,0.7483016398213226
2024-03-21,1389.0,110.0,0.7172421695644012,0.7460230810078095
2024-03-22,1342.0,63.0,0.7053869445427686,0.7376085806973637
2024-03-23,1290.0,62.0,0.687844839662332,0.7177328527598976
2024-03-24,1086.0,73.0,0.6737785216931068,0.7068149303708805
2024-03-25,1110.0,52.0,0.6874177548441173,0.7128861114670436
2024-03-26,1334.0,66.0,0.7072765594705094,0.7370347094576799
2024-03-27,1200.0,71.0,0.7129358709061623,0.7453881292410095
2024-03-28,1215.0,65.0,0.7130161453151521,0.7407780970724475
2024-03-29,1188.0,70.0,0.7043184614166256,0.731668180417127
2024-03-30,1119.0,61.0,0.6889559937700688,0.7074480262464663
2024-03-31,967.0,60.0,0.6778804504676386,0.6948797443037996
2024-04-01,992.0,51.0,0.6812184607134797,0.7027340413571016
2024-04-02,1201.0,59.0,0.6984805066228404,0.7282150580361137
2024-04-03,1159.0,48.0,0.7086648207439509,0.7409909073761289
2024-04-04,1101.0,49.0,0.7075926678044913,0.7417508555109784
2024-04-05,1119.0,51.0,0.716313250053947,0.734733462298856
2024-04-06,1005.0,46.0,0.6914143586337546,0.7142387768295845
2024-04-07,884.0,81.0,0.6822781245444797,0.7041720975762745
2024-04-08,887.0,67.0,0.6828989830591821,0.7119286556528932
2024-04-09,1009.0,45.0,0.701678111434105,0.7343577396832416
2024-04-10,1022.0,60.0,0.7116729073854138,0.7441228330505946
2024-04-11,1042.0,39.0,0.7076003770665752,0.7445668837185451
2024-04-12,975.0,46.0,0.7002745369562766,0.7384317776271293
2024-04-13,821.0,45.0,0.6841747927558406,0.71777863616149
2024-04-14,774.0,49.0,0.6681103854332467,0.7101937731935473
2024-04-15,800.0,54.0,0.6823956771517876,0.7169100494576347
2024-04-16,913.0,44.0,0.7061598626284853,0.740157895209928
2024-04-17,858.0,44.0,0.7062363532980825,0.7487869284881578
2024-04-18,862.0,50.0,0.7129971592907156,0.7453997517214236
2024-04-19,830.0,52.0,0.7031679473726252,0.7374689451108322
2024-04-20,793.0,67.0,0.6843338707470965,0.7147751871302981
